,url,author_count
0,deb://Debian/packages/accerciser,4
1,deb://Debian/packages/agtl,2
2,deb://Debian/packages/ajaxterm,2
3,deb://Debian/packages/alacarte,3
4,deb://Debian/packages/angrydd,3
5,deb://Debian/packages/anki,2
6,deb://Debian/packages/ansible,3
7,deb://Debian/packages/apt-clone,1
8,deb://Debian/packages/apt-forktracer,1
9,deb://Debian/packages/apt-listchanges,3
10,deb://Debian/packages/apt-xapian-index,3
11,deb://Debian/packages/aptfs,1
12,deb://Debian/packages/aqemu,1
13,deb://Debian/packages/arandr,1
14,deb://Debian/packages/archivemail,2
15,deb://Debian/packages/ardentryst,2
16,deb://Debian/packages/ariba,2
17,deb://Debian/packages/asciidoc,2
18,deb://Debian/packages/asciinema,1
19,deb://Debian/packages/atftp,1
20,deb://Debian/packages/atheist,2
21,deb://Debian/packages/autojump,1
22,deb://Debian/packages/autopkgtest,3
23,deb://Debian/packages/autorenamer,1
24,deb://Debian/packages/autotrash,2
25,deb://Debian/packages/bambam,1
26,deb://Debian/packages/bdii,1
27,deb://Debian/packages/beets,4
28,deb://Debian/packages/bibus,1
29,deb://Debian/packages/bicyclerepair,3
30,deb://Debian/packages/bittornado,4
31,deb://Debian/packages/bittorrent,2
32,deb://Debian/packages/bkchem,2
33,deb://Debian/packages/bleachbit,3
34,deb://Debian/packages/bley,1
35,deb://Debian/packages/blueproximity,1
36,deb://Debian/packages/bmap-tools,2
37,deb://Debian/packages/boa-constructor,3
38,deb://Debian/packages/bomstrip,1
39,deb://Debian/packages/bouncy,3
40,deb://Debian/packages/bpython,3
41,deb://Debian/packages/bubbros,2
42,deb://Debian/packages/bugs-everywhere,2
43,deb://Debian/packages/bugz,1
44,deb://Debian/packages/buildbot,3
45,deb://Debian/packages/bup,3
46,deb://Debian/packages/bzr,4
47,deb://Debian/packages/bzr-builddeb,2
48,deb://Debian/packages/bzr-email,3
49,deb://Debian/packages/bzr-explorer,2
50,deb://Debian/packages/bzr-loom,2
51,deb://Debian/packages/bzr-search,2
52,deb://Debian/packages/bzr-stats,2
53,deb://Debian/packages/bzr-upload,2
54,deb://Debian/packages/bzr-xmloutput,2
55,deb://Debian/packages/bzrtools,3
56,deb://Debian/packages/caldav-tester,1
57,deb://Debian/packages/calibre,5
58,deb://Debian/packages/cappuccino,3
59,deb://Debian/packages/catfish,2
60,deb://Debian/packages/ccontrol,2
61,deb://Debian/packages/cedar-backup2,1
62,deb://Debian/packages/cedar-backup3,1
63,deb://Debian/packages/cfget,2
64,deb://Debian/packages/cfv,1
65,deb://Debian/packages/check-all-the-things,1
66,deb://Debian/packages/cherrytree,2
67,deb://Debian/packages/childsplay,2
68,deb://Debian/packages/circlator,3
69,deb://Debian/packages/clipf,2
70,deb://Debian/packages/cloudprint,2
71,deb://Debian/packages/codecgraph,1
72,deb://Debian/packages/codespell,2
73,deb://Debian/packages/codeville,2
74,deb://Debian/packages/colortest-python,1
75,deb://Debian/packages/comitup,1
76,deb://Debian/packages/comix,1
77,deb://Debian/packages/command-not-found,1
78,deb://Debian/packages/congruity,3
79,deb://Debian/packages/convertall,2
80,deb://Debian/packages/cplay,2
81,deb://Debian/packages/createrepo,3
82,deb://Debian/packages/cssmin,1
83,deb://Debian/packages/cura,2
84,deb://Debian/packages/cvs2svn,2
85,deb://Debian/packages/cwltool,3
86,deb://Debian/packages/cycle,1
87,deb://Debian/packages/cython,5
88,deb://Debian/packages/d-feet,2
89,deb://Debian/packages/darcsweb,2
90,deb://Debian/packages/dctrl2xml,2
91,deb://Debian/packages/debdelta,1
92,deb://Debian/packages/debian-goodies,2
93,deb://Debian/packages/debomatic,2
94,deb://Debian/packages/debootstrap,5
95,deb://Debian/packages/debsecan,3
96,deb://Debian/packages/debtags,3
97,deb://Debian/packages/deheader,1
98,deb://Debian/packages/deluge,3
99,deb://Debian/packages/denyhosts,2
100,deb://Debian/packages/designate,1
101,deb://Debian/packages/dh-python,1
102,deb://Debian/packages/dhcpy6d,1
103,deb://Debian/packages/diffoscope,1
104,deb://Debian/packages/dir2ogg,1
105,deb://Debian/packages/directoryassistant,1
106,deb://Debian/packages/discus,2
107,deb://Debian/packages/disper,2
108,deb://Debian/packages/ditrack,1
109,deb://Debian/packages/django-testproject,1
110,deb://Debian/packages/django-testscenarios,1
111,deb://Debian/packages/djvusmooth,3
112,deb://Debian/packages/doc-central,2
113,deb://Debian/packages/doclifter,1
114,deb://Debian/packages/dosage,3
115,deb://Debian/packages/dot2tex,4
116,deb://Debian/packages/dput,4
117,deb://Debian/packages/drbdlinks,1
118,deb://Debian/packages/driconf,2
119,deb://Debian/packages/drpython,2
120,deb://Debian/packages/dstat,1
121,deb://Debian/packages/dtc-xen,2
122,deb://Debian/packages/dtrx,3
123,deb://Debian/packages/duplicity,1
124,deb://Debian/packages/dynagen,2
125,deb://Debian/packages/editmoin,1
126,deb://Debian/packages/editra,2
127,deb://Debian/packages/electrum,2
128,deb://Debian/packages/emma,1
129,deb://Debian/packages/enjarify,1
130,deb://Debian/packages/eog-plugins,3
131,deb://Debian/packages/epigrass,1
132,deb://Debian/packages/eric,1
133,deb://Debian/packages/expeyes,2
134,deb://Debian/packages/eyed3,2
135,deb://Debian/packages/eyefiserver,1
136,deb://Debian/packages/fail2ban,1
137,deb://Debian/packages/fastaq,2
138,deb://Debian/packages/fiona,3
139,deb://Debian/packages/font-manager,2
140,deb://Debian/packages/fonttools,5
141,deb://Debian/packages/fontypython,2
142,deb://Debian/packages/forg,3
143,deb://Debian/packages/freealchemist,1
144,deb://Debian/packages/frescobaldi,2
145,deb://Debian/packages/fslint,1
146,deb://Debian/packages/funkload,2
147,deb://Debian/packages/funnyboat,3
148,deb://Debian/packages/gadfly,2
149,deb://Debian/packages/gajim,3
150,deb://Debian/packages/galileo,1
151,deb://Debian/packages/galternatives,3
152,deb://Debian/packages/gambc,3
153,deb://Debian/packages/game-data-packager,3
154,deb://Debian/packages/gameclock,1
155,deb://Debian/packages/ganeti-instance-debootstrap,3
156,deb://Debian/packages/ganyremote,1
157,deb://Debian/packages/gaupol,1
158,deb://Debian/packages/gausssum,3
159,deb://Debian/packages/gbirthday,2
160,deb://Debian/packages/gcalcli,2
161,deb://Debian/packages/gcp,1
162,deb://Debian/packages/gdebi,4
163,deb://Debian/packages/geda-xgsch2pcb,2
164,deb://Debian/packages/geophar,1
165,deb://Debian/packages/gespeaker,3
166,deb://Debian/packages/getmail,1
167,deb://Debian/packages/geximon,2
168,deb://Debian/packages/gimp-plugin-registry,1
169,deb://Debian/packages/git-big-picture,1
170,deb://Debian/packages/git-phab,2
171,deb://Debian/packages/gjots2,1
172,deb://Debian/packages/glance,2
173,deb://Debian/packages/glances,3
174,deb://Debian/packages/gmail-notify,1
175,deb://Debian/packages/gnome-boxes,3
176,deb://Debian/packages/gnome-gmail,2
177,deb://Debian/packages/gnome-mousetrap,1
178,deb://Debian/packages/gnome-music,3
179,deb://Debian/packages/gnome-sudoku,3
180,deb://Debian/packages/gns3,2
181,deb://Debian/packages/gnumed-client,1
182,deb://Debian/packages/goldeneye,2
183,deb://Debian/packages/goobook,2
184,deb://Debian/packages/goopg,1
185,deb://Debian/packages/gourmet,1
186,deb://Debian/packages/gozerbot,2
187,deb://Debian/packages/gpodder,1
188,deb://Debian/packages/gpxviewer,1
189,deb://Debian/packages/gramps,4
190,deb://Debian/packages/grass,3
191,deb://Debian/packages/grc,1
192,deb://Debian/packages/griffith,1
193,deb://Debian/packages/gtg,2
194,deb://Debian/packages/gtimelog,1
195,deb://Debian/packages/gtk-recordmydesktop,1
196,deb://Debian/packages/gtklick,2
197,deb://Debian/packages/gtranscribe,1
198,deb://Debian/packages/gwakeonlan,2
199,deb://Debian/packages/hatop,1
200,deb://Debian/packages/heartbeat,3
201,deb://Debian/packages/herculesstudio,1
202,deb://Debian/packages/hplip,3
203,deb://Debian/packages/i18nspector,2
204,deb://Debian/packages/ibus-anthy,2
205,deb://Debian/packages/ibus-hangul,2
206,deb://Debian/packages/ibus-skk,2
207,deb://Debian/packages/ibus-tegaki,2
208,deb://Debian/packages/icdiff,2
209,deb://Debian/packages/identicurse,1
210,deb://Debian/packages/imediff2,2
211,deb://Debian/packages/imgsizer,1
212,deb://Debian/packages/imposm,3
213,deb://Debian/packages/impressive,3
214,deb://Debian/packages/imvirt,1
215,deb://Debian/packages/inosync,2
216,deb://Debian/packages/iotop,1
217,deb://Debian/packages/ipcheck,2
218,deb://Debian/packages/ipython,6
219,deb://Debian/packages/isenkram,1
220,deb://Debian/packages/isoquery,2
221,deb://Debian/packages/isrcsubmit,1
222,deb://Debian/packages/itstool,3
223,deb://Debian/packages/iva,1
224,deb://Debian/packages/jack,2
225,deb://Debian/packages/jcc,1
226,deb://Debian/packages/jupyter-console,1
227,deb://Debian/packages/jupyter-notebook,2
228,deb://Debian/packages/jython,4
229,deb://Debian/packages/kanyremote,1
230,deb://Debian/packages/kazam,1
231,deb://Debian/packages/ketchup,1
232,deb://Debian/packages/key-mon,2
233,deb://Debian/packages/keymapper,1
234,deb://Debian/packages/keystone,1
235,deb://Debian/packages/khmer,3
236,deb://Debian/packages/khmerconverter,2
237,deb://Debian/packages/kiki,2
238,deb://Debian/packages/klaus,1
239,deb://Debian/packages/krank,1
240,deb://Debian/packages/kupfer,4
241,deb://Debian/packages/lava-coordinator,1
242,deb://Debian/packages/lava-tool,2
243,deb://Debian/packages/lazygal,1
244,deb://Debian/packages/ldtp,2
245,deb://Debian/packages/lfm,1
246,deb://Debian/packages/libuser,3
247,deb://Debian/packages/lightyears,1
248,deb://Debian/packages/lilypond,3
249,deb://Debian/packages/lincredits,2
250,deb://Debian/packages/linkchecker,3
251,deb://Debian/packages/loggerhead,3
252,deb://Debian/packages/londonlaw,2
253,deb://Debian/packages/loook,2
254,deb://Debian/packages/lptools,1
255,deb://Debian/packages/lxc,5
256,deb://Debian/packages/magicor,1
257,deb://Debian/packages/mailman,1
258,deb://Debian/packages/mailplate,1
259,deb://Debian/packages/makehuman,1
260,deb://Debian/packages/mandos,1
261,deb://Debian/packages/mapproxy,1
262,deb://Debian/packages/matrix-synapse,1
263,deb://Debian/packages/mayavi2,2
264,deb://Debian/packages/meld,3
265,deb://Debian/packages/mercurial,3
266,deb://Debian/packages/meson,2
267,deb://Debian/packages/mftrace,1
268,deb://Debian/packages/mgltools-utpackages,3
269,deb://Debian/packages/mimms,2
270,deb://Debian/packages/mini-dinstall,2
271,deb://Debian/packages/mirage,3
272,deb://Debian/packages/mklibs,2
273,deb://Debian/packages/mmass,1
274,deb://Debian/packages/mnemosyne,2
275,deb://Debian/packages/moap,2
276,deb://Debian/packages/mobyle,2
277,deb://Debian/packages/mock,2
278,deb://Debian/packages/model-builder,2
279,deb://Debian/packages/monajat,2
280,deb://Debian/packages/monsterz,3
281,deb://Debian/packages/mopidy,2
282,deb://Debian/packages/mpd-sima,2
283,deb://Debian/packages/mpdris2,1
284,deb://Debian/packages/mpris-remote,2
285,deb://Debian/packages/munin-libvirt-plugins,1
286,deb://Debian/packages/murano-agent,1
287,deb://Debian/packages/musiclibrarian,2
288,deb://Debian/packages/mypaint,3
289,deb://Debian/packages/nagios-plugins-contrib,2
290,deb://Debian/packages/nagstamon,4
291,deb://Debian/packages/nautilus-image-manipulator,1
292,deb://Debian/packages/ndisgtk,1
293,deb://Debian/packages/nfoview,2
294,deb://Debian/packages/nicotine,2
295,deb://Debian/packages/nicovideo-dl,1
296,deb://Debian/packages/nik4,1
297,deb://Debian/packages/ninix-aya,1
298,deb://Debian/packages/ntlmaps,3
299,deb://Debian/packages/nvidia-cg-toolkit,2
300,deb://Debian/packages/obmenu,2
301,deb://Debian/packages/ocrodjvu,3
302,deb://Debian/packages/offlineimap,3
303,deb://Debian/packages/oidua,1
304,deb://Debian/packages/oneisenough,2
305,deb://Debian/packages/onioncircuits,2
306,deb://Debian/packages/ooo2dbk,2
307,deb://Debian/packages/open-vm-tools,1
308,deb://Debian/packages/opendict,2
309,deb://Debian/packages/openscenegraph,2
310,deb://Debian/packages/openstv,3
311,deb://Debian/packages/osc,1
312,deb://Debian/packages/othman,2
313,deb://Debian/packages/packagekit,2
314,deb://Debian/packages/pagekite,2
315,deb://Debian/packages/painintheapt,1
316,deb://Debian/packages/pastebinit,1
317,deb://Debian/packages/pathological,2
318,deb://Debian/packages/pdfposter,2
319,deb://Debian/packages/pgloader,3
320,deb://Debian/packages/phatch,3
321,deb://Debian/packages/phenny,2
322,deb://Debian/packages/photo-uploader,2
323,deb://Debian/packages/photon,2
324,deb://Debian/packages/picard,2
325,deb://Debian/packages/pitivi,4
326,deb://Debian/packages/piuparts,1
327,deb://Debian/packages/pius,4
328,deb://Debian/packages/pkpgcounter,2
329,deb://Debian/packages/planet-venus,3
330,deb://Debian/packages/plasmidomics,1
331,deb://Debian/packages/playitslowly,1
332,deb://Debian/packages/playonlinux,2
333,deb://Debian/packages/pondus,1
334,deb://Debian/packages/postnews,2
335,deb://Debian/packages/pssh,2
336,deb://Debian/packages/psychopy,1
337,deb://Debian/packages/pubtal,1
338,deb://Debian/packages/puddletag,1
339,deb://Debian/packages/purity-ng,2
340,deb://Debian/packages/pwman3,1
341,deb://Debian/packages/pwrkap,1
342,deb://Debian/packages/pybik,1
343,deb://Debian/packages/pyblosxom,3
344,deb://Debian/packages/pybridge,2
345,deb://Debian/packages/pybtex,4
346,deb://Debian/packages/pychecker,1
347,deb://Debian/packages/pychess,1
348,deb://Debian/packages/pycmail,1
349,deb://Debian/packages/pycode-browser,1
350,deb://Debian/packages/pycsw,1
351,deb://Debian/packages/pydb,2
352,deb://Debian/packages/pydf,1
353,deb://Debian/packages/pyflakes,4
354,deb://Debian/packages/pyftpd,2
355,deb://Debian/packages/pygopherd,4
356,deb://Debian/packages/pylint,1
357,deb://Debian/packages/pymacs,2
358,deb://Debian/packages/pymissile,1
359,deb://Debian/packages/pymol,3
360,deb://Debian/packages/pynagram,1
361,deb://Debian/packages/pyosmium,1
362,deb://Debian/packages/pype,1
363,deb://Debian/packages/pypy,1
364,deb://Debian/packages/pyracerz,2
365,deb://Debian/packages/pyrit,3
366,deb://Debian/packages/pyrite-publisher,2
367,deb://Debian/packages/pyro,2
368,deb://Debian/packages/pyroman,1
369,deb://Debian/packages/pysatellites,2
370,deb://Debian/packages/pyscrabble,1
371,deb://Debian/packages/pysolfc,2
372,deb://Debian/packages/pysycache,2
373,deb://Debian/packages/pytagsfs,1
374,deb://Debian/packages/python-aalib,1
375,deb://Debian/packages/python-adns,1
376,deb://Debian/packages/python-affine,1
377,deb://Debian/packages/python-amqp,4
378,deb://Debian/packages/python-antlr3,1
379,deb://Debian/packages/python-aodhclient,1
380,deb://Debian/packages/python-apptools,1
381,deb://Debian/packages/python-apsw,1
382,deb://Debian/packages/python-apt,2
383,deb://Debian/packages/python-authkit,2
384,deb://Debian/packages/python-autobahn,2
385,deb://Debian/packages/python-automaton,1
386,deb://Debian/packages/python-axiom,2
387,deb://Debian/packages/python-babel,3
388,deb://Debian/packages/python-barbicanclient,1
389,deb://Debian/packages/python-bashate,2
390,deb://Debian/packages/python-bibtex,1
391,deb://Debian/packages/python-biopython,3
392,deb://Debian/packages/python-boto,1
393,deb://Debian/packages/python-bottle,2
394,deb://Debian/packages/python-castellan,1
395,deb://Debian/packages/python-cddb,2
396,deb://Debian/packages/python-ceilometerclient,2
397,deb://Debian/packages/python-ceilometermiddleware,2
398,deb://Debian/packages/python-cherrypy,2
399,deb://Debian/packages/python-cinderclient,1
400,deb://Debian/packages/python-click-plugins,1
401,deb://Debian/packages/python-cliff,3
402,deb://Debian/packages/python-cligj,1
403,deb://Debian/packages/python-cloudfiles,2
404,deb://Debian/packages/python-cobra,1
405,deb://Debian/packages/python-cogent,2
406,deb://Debian/packages/python-concurrent.futures,3
407,deb://Debian/packages/python-congressclient,1
408,deb://Debian/packages/python-couleur,2
409,deb://Debian/packages/python-coverage,2
410,deb://Debian/packages/python-cpl,2
411,deb://Debian/packages/python-crank,2
412,deb://Debian/packages/python-crcmod,2
413,deb://Debian/packages/python-croniter,3
414,deb://Debian/packages/python-crypto,1
415,deb://Debian/packages/python-csb,2
416,deb://Debian/packages/python-csscompressor,1
417,deb://Debian/packages/python-daap,2
418,deb://Debian/packages/python-daemon,3
419,deb://Debian/packages/python-daemonize,1
420,deb://Debian/packages/python-dcos,1
421,deb://Debian/packages/python-ddt,1
422,deb://Debian/packages/python-debian,3
423,deb://Debian/packages/python-debianbts,2
424,deb://Debian/packages/python-debtcollector,1
425,deb://Debian/packages/python-decorator,1
426,deb://Debian/packages/python-descartes,1
427,deb://Debian/packages/python-designateclient,1
428,deb://Debian/packages/python-dhm,2
429,deb://Debian/packages/python-dib-utils,1
430,deb://Debian/packages/python-diff-match-patch,2
431,deb://Debian/packages/python-diskimage-builder,1
432,deb://Debian/packages/python-django,5
433,deb://Debian/packages/python-django-appconf,3
434,deb://Debian/packages/python-django-babel,2
435,deb://Debian/packages/python-django-compressor,1
436,deb://Debian/packages/python-django-formtools,2
437,deb://Debian/packages/python-django-overextends,1
438,deb://Debian/packages/python-django-pyscss,1
439,deb://Debian/packages/python-django-registration,2
440,deb://Debian/packages/python-dns,1
441,deb://Debian/packages/python-doc8,2
442,deb://Debian/packages/python-docutils,3
443,deb://Debian/packages/python-dogpile.cache,1
444,deb://Debian/packages/python-dsv,1
445,deb://Debian/packages/python-editor,2
446,deb://Debian/packages/python-elasticsearch,4
447,deb://Debian/packages/python-enthoughtbase,1
448,deb://Debian/packages/python-eventlet,4
449,deb://Debian/packages/python-extras,1
450,deb://Debian/packages/python-falcon,1
451,deb://Debian/packages/python-fasteners,2
452,deb://Debian/packages/python-fastimport,2
453,deb://Debian/packages/python-fcgi,1
454,deb://Debian/packages/python-fitbit,2
455,deb://Debian/packages/python-fixtures,3
456,deb://Debian/packages/python-formencode,3
457,deb://Debian/packages/python-frozendict,1
458,deb://Debian/packages/python-funcsigs,2
459,deb://Debian/packages/python-functools32,1
460,deb://Debian/packages/python-fuse,1
461,deb://Debian/packages/python-future,1
462,deb://Debian/packages/python-futurist,2
463,deb://Debian/packages/python-gabbi,1
464,deb://Debian/packages/python-gammu,1
465,deb://Debian/packages/python-gasp,1
466,deb://Debian/packages/python-gd,2
467,deb://Debian/packages/python-gdata,1
468,deb://Debian/packages/python-gear,2
469,deb://Debian/packages/python-geoip,2
470,deb://Debian/packages/python-geojson,1
471,deb://Debian/packages/python-geopandas,1
472,deb://Debian/packages/python-git,4
473,deb://Debian/packages/python-glance-store,2
474,deb://Debian/packages/python-glanceclient,1
475,deb://Debian/packages/python-gnocchiclient,2
476,deb://Debian/packages/python-gnuplot,2
477,deb://Debian/packages/python-hacking,2
478,deb://Debian/packages/python-heatclient,2
479,deb://Debian/packages/python-hp3parclient,1
480,deb://Debian/packages/python-hplefthandclient,1
481,deb://Debian/packages/python-html2text,1
482,deb://Debian/packages/python-htmltmpl,2
483,deb://Debian/packages/python-httplib2,3
484,deb://Debian/packages/python-httpretty,2
485,deb://Debian/packages/python-hurry.filesize,1
486,deb://Debian/packages/python-id3,2
487,deb://Debian/packages/python-iniparse,2
488,deb://Debian/packages/python-ironic-inspector-client,1
489,deb://Debian/packages/python-ironic-lib,2
490,deb://Debian/packages/python-ironicclient,2
491,deb://Debian/packages/python-jenkins,3
492,deb://Debian/packages/python-json-pointer,3
493,deb://Debian/packages/python-jsonpath-rw,2
494,deb://Debian/packages/python-jsonpath-rw-ext,2
495,deb://Debian/packages/python-jsonrpclib,2
496,deb://Debian/packages/python-jsonschema,4
497,deb://Debian/packages/python-kafka,1
498,deb://Debian/packages/python-keyczar,2
499,deb://Debian/packages/python-keyring,5
500,deb://Debian/packages/python-keystoneauth1,3
501,deb://Debian/packages/python-keystoneclient,2
502,deb://Debian/packages/python-keystonemiddleware,2
503,deb://Debian/packages/python-l20n,1
504,deb://Debian/packages/python-launchpadlib,4
505,deb://Debian/packages/python-ldap,3
506,deb://Debian/packages/python-ldappool,1
507,deb://Debian/packages/python-lesscpy,1
508,deb://Debian/packages/python-linecache2,2
509,deb://Debian/packages/python-logutils,1
510,deb://Debian/packages/python-magnumclient,2
511,deb://Debian/packages/python-manilaclient,2
512,deb://Debian/packages/python-mapnik,1
513,deb://Debian/packages/python-mechanize,1
514,deb://Debian/packages/python-medusa,1
515,deb://Debian/packages/python-memcache,3
516,deb://Debian/packages/python-minimock,1
517,deb://Debian/packages/python-misaka,1
518,deb://Debian/packages/python-mistralclient,2
519,deb://Debian/packages/python-monotonic,1
520,deb://Debian/packages/python-mox,1
521,deb://Debian/packages/python-mox3,1
522,deb://Debian/packages/python-mpd,2
523,deb://Debian/packages/python-mpop,2
524,deb://Debian/packages/python-multi-key-dict,2
525,deb://Debian/packages/python-muranoclient,2
526,deb://Debian/packages/python-neovim,1
527,deb://Debian/packages/python-networkx,3
528,deb://Debian/packages/python-neutron-lib,2
529,deb://Debian/packages/python-neutronclient,1
530,deb://Debian/packages/python-nmap,3
531,deb://Debian/packages/python-nose-exclude,2
532,deb://Debian/packages/python-nose-parameterized,2
533,deb://Debian/packages/python-nose-testconfig,1
534,deb://Debian/packages/python-nose-timer,1
535,deb://Debian/packages/python-nosehtmloutput,2
536,deb://Debian/packages/python-novaclient,3
537,deb://Debian/packages/python-numpy,5
538,deb://Debian/packages/python-oauth,2
539,deb://Debian/packages/python-oauth2client,1
540,deb://Debian/packages/python-odf,2
541,deb://Debian/packages/python-openstackclient,3
542,deb://Debian/packages/python-openstackdocstheme,2
543,deb://Debian/packages/python-openstacksdk,2
544,deb://Debian/packages/python-os-brick,2
545,deb://Debian/packages/python-os-client-config,1
546,deb://Debian/packages/python-os-collect-config,1
547,deb://Debian/packages/python-os-testr,2
548,deb://Debian/packages/python-os-win,1
549,deb://Debian/packages/python-osd,2
550,deb://Debian/packages/python-oslo.cache,2
551,deb://Debian/packages/python-oslo.concurrency,2
552,deb://Debian/packages/python-oslo.config,1
553,deb://Debian/packages/python-oslo.context,2
554,deb://Debian/packages/python-oslo.db,2
555,deb://Debian/packages/python-oslo.i18n,2
556,deb://Debian/packages/python-oslo.log,2
557,deb://Debian/packages/python-oslo.messaging,2
558,deb://Debian/packages/python-oslo.middleware,1
559,deb://Debian/packages/python-oslo.policy,2
560,deb://Debian/packages/python-oslo.privsep,2
561,deb://Debian/packages/python-oslo.reports,2
562,deb://Debian/packages/python-oslo.rootwrap,2
563,deb://Debian/packages/python-oslo.serialization,2
564,deb://Debian/packages/python-oslo.service,2
565,deb://Debian/packages/python-oslo.utils,2
566,deb://Debian/packages/python-oslo.versionedobjects,2
567,deb://Debian/packages/python-oslo.vmware,1
568,deb://Debian/packages/python-oslotest,1
569,deb://Debian/packages/python-osmapi,1
570,deb://Debian/packages/python-osprofiler,1
571,deb://Debian/packages/python-pager,1
572,deb://Debian/packages/python-pam,3
573,deb://Debian/packages/python-pbr,3
574,deb://Debian/packages/python-pdal,1
575,deb://Debian/packages/python-pecan,1
576,deb://Debian/packages/python-pika-pool,3
577,deb://Debian/packages/python-pint,2
578,deb://Debian/packages/python-pip,2
579,deb://Debian/packages/python-pmw,1
580,deb://Debian/packages/python-positional,1
581,deb://Debian/packages/python-posix-ipc,1
582,deb://Debian/packages/python-pqueue,3
583,deb://Debian/packages/python-proboscis,2
584,deb://Debian/packages/python-proliantutils,2
585,deb://Debian/packages/python-pulp,1
586,deb://Debian/packages/python-pycadf,1
587,deb://Debian/packages/python-pychart,2
588,deb://Debian/packages/python-pyeclib,1
589,deb://Debian/packages/python-pyghmi,2
590,deb://Debian/packages/python-pygit2,2
591,deb://Debian/packages/python-pygraphviz,2
592,deb://Debian/packages/python-pykmip,2
593,deb://Debian/packages/python-pylxd,1
594,deb://Debian/packages/python-pymemcache,2
595,deb://Debian/packages/python-pymetar,1
596,deb://Debian/packages/python-pymysql,1
597,deb://Debian/packages/python-pyngus,1
598,deb://Debian/packages/python-pyproj,3
599,deb://Debian/packages/python-pypump,2
600,deb://Debian/packages/python-pysaml2,1
601,deb://Debian/packages/python-pysnmp4,2
602,deb://Debian/packages/python-pysnmp4-apps,1
603,deb://Debian/packages/python-pysnmp4-mibs,1
604,deb://Debian/packages/python-pysqlite2,1
605,deb://Debian/packages/python-pytimeparse,2
606,deb://Debian/packages/python-pyvmomi,2
607,deb://Debian/packages/python-rcssmin,1
608,deb://Debian/packages/python-rednose,1
609,deb://Debian/packages/python-reno,1
610,deb://Debian/packages/python-reportlab,3
611,deb://Debian/packages/python-requestbuilder,1
612,deb://Debian/packages/python-requests-kerberos,3
613,deb://Debian/packages/python-requests-mock,3
614,deb://Debian/packages/python-requests-unixsocket,2
615,deb://Debian/packages/python-requestsexceptions,2
616,deb://Debian/packages/python-restructuredtext-lint,1
617,deb://Debian/packages/python-retrying,2
618,deb://Debian/packages/python-rfc3986,1
619,deb://Debian/packages/python-rjsmin,1
620,deb://Debian/packages/python-roman,2
621,deb://Debian/packages/python-rtree,1
622,deb://Debian/packages/python-rtslib-fb,2
623,deb://Debian/packages/python-saharaclient,2
624,deb://Debian/packages/python-scciclient,1
625,deb://Debian/packages/python-scipy,1
626,deb://Debian/packages/python-seamicroclient,1
627,deb://Debian/packages/python-semantic-version,1
628,deb://Debian/packages/python-semver,2
629,deb://Debian/packages/python-senlinclient,1
630,deb://Debian/packages/python-sentinels,1
631,deb://Debian/packages/python-setuptools,2
632,deb://Debian/packages/python-shapely,2
633,deb://Debian/packages/python-simpy,2
634,deb://Debian/packages/python-snuggs,1
635,deb://Debian/packages/python-soappy,2
636,deb://Debian/packages/python-sockjs-tornado,1
637,deb://Debian/packages/python-sphinxcontrib.plantuml,2
638,deb://Debian/packages/python-sqlalchemy-utils,1
639,deb://Debian/packages/python-sqlite,1
640,deb://Debian/packages/python-statsd,1
641,deb://Debian/packages/python-stdnum,1
642,deb://Debian/packages/python-stetl,1
643,deb://Debian/packages/python-stringtemplate3,1
644,deb://Debian/packages/python-sure,1
645,deb://Debian/packages/python-swiftclient,2
646,deb://Debian/packages/python-systemd,1
647,deb://Debian/packages/python-sysv-ipc,1
648,deb://Debian/packages/python-tablib,1
649,deb://Debian/packages/python-taskflow,2
650,deb://Debian/packages/python-tcpwrap,3
651,deb://Debian/packages/python-tempita,2
652,deb://Debian/packages/python-termcolor,1
653,deb://Debian/packages/python-termstyle,1
654,deb://Debian/packages/python-testscenarios,2
655,deb://Debian/packages/python-testtools,6
656,deb://Debian/packages/python-textile,2
657,deb://Debian/packages/python-toml,1
658,deb://Debian/packages/python-tooz,2
659,deb://Debian/packages/python-tosca-parser,1
660,deb://Debian/packages/python-traceback2,2
661,deb://Debian/packages/python-trollius,3
662,deb://Debian/packages/python-troveclient,1
663,deb://Debian/packages/python-tuskarclient,1
664,deb://Debian/packages/python-twitter,1
665,deb://Debian/packages/python-txaio,2
666,deb://Debian/packages/python-tz,4
667,deb://Debian/packages/python-ucltip,1
668,deb://Debian/packages/python-utmp,2
669,deb://Debian/packages/python-virtualenv,2
670,deb://Debian/packages/python-visual,2
671,deb://Debian/packages/python-vobject,2
672,deb://Debian/packages/python-wadllib,2
673,deb://Debian/packages/python-waiting,1
674,deb://Debian/packages/python-warlock,1
675,deb://Debian/packages/python-weakrefmethod,2
676,deb://Debian/packages/python-weberror,2
677,deb://Debian/packages/python-webob,3
678,deb://Debian/packages/python-werkzeug,2
679,deb://Debian/packages/python-whiteboard,3
680,deb://Debian/packages/python-whoosh,4
681,deb://Debian/packages/python-wrapt,2
682,deb://Debian/packages/python-wsgi-intercept,1
683,deb://Debian/packages/python-wsme,1
684,deb://Debian/packages/python-xattr,2
685,deb://Debian/packages/python-xlib,2
686,deb://Debian/packages/python-xmpp,2
687,deb://Debian/packages/python-xstatic,2
688,deb://Debian/packages/python-xstatic-angular,2
689,deb://Debian/packages/python-xstatic-angular-bootstrap,1
690,deb://Debian/packages/python-xstatic-angular-gettext,1
691,deb://Debian/packages/python-xstatic-angular-lrdragndrop,1
692,deb://Debian/packages/python-xstatic-bootstrap-datepicker,2
693,deb://Debian/packages/python-xstatic-bootstrap-scss,2
694,deb://Debian/packages/python-xstatic-bootswatch,1
695,deb://Debian/packages/python-xstatic-d3,2
696,deb://Debian/packages/python-xstatic-font-awesome,2
697,deb://Debian/packages/python-xstatic-hogan,2
698,deb://Debian/packages/python-xstatic-jasmine,2
699,deb://Debian/packages/python-xstatic-jquery,2
700,deb://Debian/packages/python-xstatic-jquery-migrate,2
701,deb://Debian/packages/python-xstatic-jquery-ui,1
702,deb://Debian/packages/python-xstatic-jquery.quicksearch,2
703,deb://Debian/packages/python-xstatic-jquery.tablesorter,1
704,deb://Debian/packages/python-xstatic-jsencrypt,2
705,deb://Debian/packages/python-xstatic-magic-search,1
706,deb://Debian/packages/python-xstatic-mdi,1
707,deb://Debian/packages/python-xstatic-qunit,2
708,deb://Debian/packages/python-xstatic-rickshaw,2
709,deb://Debian/packages/python-xstatic-roboto-fontface,1
710,deb://Debian/packages/python-xstatic-smart-table,2
711,deb://Debian/packages/python-xstatic-spin,2
712,deb://Debian/packages/python-xstatic-term.js,1
713,deb://Debian/packages/python-xvfbwrapper,1
714,deb://Debian/packages/python-yaql,2
715,deb://Debian/packages/python-yenc,2
716,deb://Debian/packages/python-zake,1
717,deb://Debian/packages/python-zaqarclient,1
718,deb://Debian/packages/python3-proselint,1
719,deb://Debian/packages/pythoncad,1
720,deb://Debian/packages/pyvnc2swf,1
721,deb://Debian/packages/pywps,1
722,deb://Debian/packages/pyzor,2
723,deb://Debian/packages/qbzr,3
724,deb://Debian/packages/qct,2
725,deb://Debian/packages/qemu,2
726,deb://Debian/packages/qemuctl,3
727,deb://Debian/packages/quodlibet,3
728,deb://Debian/packages/radicale,2
729,deb://Debian/packages/radiotray,1
730,deb://Debian/packages/rainbow,2
731,deb://Debian/packages/ranger,2
732,deb://Debian/packages/rapid-photo-downloader,2
733,deb://Debian/packages/rasterio,1
734,deb://Debian/packages/rawdog,2
735,deb://Debian/packages/rdiff-backup,1
736,deb://Debian/packages/rebuildd,2
737,deb://Debian/packages/relational,1
738,deb://Debian/packages/renpy,3
739,deb://Debian/packages/reportbug,2
740,deb://Debian/packages/retext,2
741,deb://Debian/packages/rhinote,1
742,deb://Debian/packages/rpl,1
743,deb://Debian/packages/rss2email,3
744,deb://Debian/packages/rubber,1
745,deb://Debian/packages/s3cmd,2
746,deb://Debian/packages/sabnzbdplus,2
747,deb://Debian/packages/sagemath,2
748,deb://Debian/packages/sahara,2
749,deb://Debian/packages/schroot,3
750,deb://Debian/packages/scolasync,2
751,deb://Debian/packages/scons,4
752,deb://Debian/packages/screenkey,2
753,deb://Debian/packages/seahorse-adventures,2
754,deb://Debian/packages/selinux-basics,2
755,deb://Debian/packages/sgmltools-lite,3
756,deb://Debian/packages/shoogle,1
757,deb://Debian/packages/singularity,1
758,deb://Debian/packages/sinntp,2
759,deb://Debian/packages/slingshot,2
760,deb://Debian/packages/smem,1
761,deb://Debian/packages/snowballz,2
762,deb://Debian/packages/solarwolf,2
763,deb://Debian/packages/solfege,1
764,deb://Debian/packages/sonata,3
765,deb://Debian/packages/songwrite,3
766,deb://Debian/packages/sortsmill-tools,1
767,deb://Debian/packages/soundconverter,2
768,deb://Debian/packages/spades,3
769,deb://Debian/packages/spambayes,4
770,deb://Debian/packages/spectacle,3
771,deb://Debian/packages/spyder,2
772,deb://Debian/packages/ssake,2
773,deb://Debian/packages/sshfp,2
774,deb://Debian/packages/stgit,2
775,deb://Debian/packages/streamtuner2,1
776,deb://Debian/packages/subdownloader,2
777,deb://Debian/packages/subunit,4
778,deb://Debian/packages/subversion,2
779,deb://Debian/packages/sugar-calculate-activity,1
780,deb://Debian/packages/supervisor,4
781,deb://Debian/packages/supybot,2
782,deb://Debian/packages/svgtune,1
783,deb://Debian/packages/svn-load,1
784,deb://Debian/packages/svn-workbench,3
785,deb://Debian/packages/svnmailer,3
786,deb://Debian/packages/swaml,3
787,deb://Debian/packages/swap-cwm,1
788,deb://Debian/packages/swauth,1
789,deb://Debian/packages/swift,2
790,deb://Debian/packages/swift-bench,2
791,deb://Debian/packages/synopsis,2
792,deb://Debian/packages/taskcoach,1
793,deb://Debian/packages/tcvt,1
794,deb://Debian/packages/tegaki-recognize,1
795,deb://Debian/packages/tegaki-train,2
796,deb://Debian/packages/tempest,1
797,deb://Debian/packages/terminator,3
798,deb://Debian/packages/tessa,3
799,deb://Debian/packages/testrepository,2
800,deb://Debian/packages/thuban,3
801,deb://Debian/packages/tilecache,2
802,deb://Debian/packages/tilestache,2
803,deb://Debian/packages/tinyeartrainer,1
804,deb://Debian/packages/tinywm,1
805,deb://Debian/packages/tortoisehg,1
806,deb://Debian/packages/totalopenstation,2
807,deb://Debian/packages/trac,2
808,deb://Debian/packages/translate-toolkit,2
809,deb://Debian/packages/trash-cli,3
810,deb://Debian/packages/treeline,2
811,deb://Debian/packages/trimage,2
812,deb://Debian/packages/tritium,1
813,deb://Debian/packages/tryton-client,1
814,deb://Debian/packages/tryton-modules-account,1
815,deb://Debian/packages/tryton-modules-account-asset,1
816,deb://Debian/packages/tryton-modules-account-be,2
817,deb://Debian/packages/tryton-modules-account-credit-limit,1
818,deb://Debian/packages/tryton-modules-account-de-skr03,2
819,deb://Debian/packages/tryton-modules-account-deposit,1
820,deb://Debian/packages/tryton-modules-account-dunning,1
821,deb://Debian/packages/tryton-modules-account-dunning-letter,1
822,deb://Debian/packages/tryton-modules-account-fr,1
823,deb://Debian/packages/tryton-modules-account-invoice,2
824,deb://Debian/packages/tryton-modules-account-invoice-history,2
825,deb://Debian/packages/tryton-modules-account-invoice-line-standalone,2
826,deb://Debian/packages/tryton-modules-account-invoice-stock,1
827,deb://Debian/packages/tryton-modules-account-payment,1
828,deb://Debian/packages/tryton-modules-account-payment-clearing,1
829,deb://Debian/packages/tryton-modules-account-payment-sepa,1
830,deb://Debian/packages/tryton-modules-account-payment-sepa-cfonb,1
831,deb://Debian/packages/tryton-modules-account-product,2
832,deb://Debian/packages/tryton-modules-account-statement,1
833,deb://Debian/packages/tryton-modules-account-stock-anglo-saxon,1
834,deb://Debian/packages/tryton-modules-account-stock-continental,1
835,deb://Debian/packages/tryton-modules-account-stock-landed-cost,1
836,deb://Debian/packages/tryton-modules-account-stock-landed-cost-weight,1
837,deb://Debian/packages/tryton-modules-account-tax-rule-country,1
838,deb://Debian/packages/tryton-modules-analytic-account,2
839,deb://Debian/packages/tryton-modules-analytic-invoice,2
840,deb://Debian/packages/tryton-modules-analytic-purchase,2
841,deb://Debian/packages/tryton-modules-analytic-sale,2
842,deb://Debian/packages/tryton-modules-bank,1
843,deb://Debian/packages/tryton-modules-carrier,1
844,deb://Debian/packages/tryton-modules-carrier-percentage,1
845,deb://Debian/packages/tryton-modules-carrier-weight,1
846,deb://Debian/packages/tryton-modules-commission,1
847,deb://Debian/packages/tryton-modules-commission-waiting,1
848,deb://Debian/packages/tryton-modules-company,2
849,deb://Debian/packages/tryton-modules-company-work-time,2
850,deb://Debian/packages/tryton-modules-country,2
851,deb://Debian/packages/tryton-modules-currency,2
852,deb://Debian/packages/tryton-modules-customs,1
853,deb://Debian/packages/tryton-modules-dashboard,2
854,deb://Debian/packages/tryton-modules-google-maps,2
855,deb://Debian/packages/tryton-modules-ldap-authentication,2
856,deb://Debian/packages/tryton-modules-party,2
857,deb://Debian/packages/tryton-modules-party-relationship,1
858,deb://Debian/packages/tryton-modules-party-siret,2
859,deb://Debian/packages/tryton-modules-product,1
860,deb://Debian/packages/tryton-modules-product-attribute,1
861,deb://Debian/packages/tryton-modules-product-classification,1
862,deb://Debian/packages/tryton-modules-product-classification-taxonomic,1
863,deb://Debian/packages/tryton-modules-product-cost-fifo,2
864,deb://Debian/packages/tryton-modules-product-cost-history,2
865,deb://Debian/packages/tryton-modules-product-measurements,1
866,deb://Debian/packages/tryton-modules-product-price-list,2
867,deb://Debian/packages/tryton-modules-production,1
868,deb://Debian/packages/tryton-modules-production-routing,1
869,deb://Debian/packages/tryton-modules-production-work,1
870,deb://Debian/packages/tryton-modules-project,2
871,deb://Debian/packages/tryton-modules-project-invoice,1
872,deb://Debian/packages/tryton-modules-project-plan,2
873,deb://Debian/packages/tryton-modules-project-revenue,2
874,deb://Debian/packages/tryton-modules-purchase,2
875,deb://Debian/packages/tryton-modules-purchase-invoice-line-standalone,2
876,deb://Debian/packages/tryton-modules-purchase-request,1
877,deb://Debian/packages/tryton-modules-purchase-shipment-cost,1
878,deb://Debian/packages/tryton-modules-sale,2
879,deb://Debian/packages/tryton-modules-sale-complaint,1
880,deb://Debian/packages/tryton-modules-sale-credit-limit,1
881,deb://Debian/packages/tryton-modules-sale-extra,1
882,deb://Debian/packages/tryton-modules-sale-invoice-grouping,1
883,deb://Debian/packages/tryton-modules-sale-opportunity,2
884,deb://Debian/packages/tryton-modules-sale-price-list,2
885,deb://Debian/packages/tryton-modules-sale-promotion,1
886,deb://Debian/packages/tryton-modules-sale-shipment-cost,1
887,deb://Debian/packages/tryton-modules-sale-shipment-grouping,1
888,deb://Debian/packages/tryton-modules-sale-stock-quantity,1
889,deb://Debian/packages/tryton-modules-sale-supply,1
890,deb://Debian/packages/tryton-modules-sale-supply-drop-shipment,1
891,deb://Debian/packages/tryton-modules-stock,1
892,deb://Debian/packages/tryton-modules-stock-forecast,2
893,deb://Debian/packages/tryton-modules-stock-inventory-location,2
894,deb://Debian/packages/tryton-modules-stock-location-sequence,2
895,deb://Debian/packages/tryton-modules-stock-lot,1
896,deb://Debian/packages/tryton-modules-stock-lot-sled,1
897,deb://Debian/packages/tryton-modules-stock-package,1
898,deb://Debian/packages/tryton-modules-stock-product-location,2
899,deb://Debian/packages/tryton-modules-stock-split,1
900,deb://Debian/packages/tryton-modules-stock-supply,1
901,deb://Debian/packages/tryton-modules-stock-supply-day,2
902,deb://Debian/packages/tryton-modules-stock-supply-forecast,1
903,deb://Debian/packages/tryton-modules-stock-supply-production,1
904,deb://Debian/packages/tryton-modules-timesheet,1
905,deb://Debian/packages/tryton-modules-timesheet-cost,1
906,deb://Debian/packages/tryton-proteus,1
907,deb://Debian/packages/tryton-server,1
908,deb://Debian/packages/tumgreyspf,2
909,deb://Debian/packages/twms,2
910,deb://Debian/packages/txt2tags,2
911,deb://Debian/packages/ubuntu-dev-tools,4
912,deb://Debian/packages/ufw,2
913,deb://Debian/packages/unattended-upgrades,3
914,deb://Debian/packages/unicode,1
915,deb://Debian/packages/unoconv,2
916,deb://Debian/packages/urlscan,3
917,deb://Debian/packages/urlwatch,2
918,deb://Debian/packages/user-mode-linux,3
919,deb://Debian/packages/user-mode-linux-doc,2
920,deb://Debian/packages/util-vserver,2
921,deb://Debian/packages/veusz,3
922,deb://Debian/packages/viewvc,3
923,deb://Debian/packages/virt-manager,1
924,deb://Debian/packages/virt-top,2
925,deb://Debian/packages/virt-viewer,2
926,deb://Debian/packages/virt-what,3
927,deb://Debian/packages/virtaal,2
928,deb://Debian/packages/virtualbox,2
929,deb://Debian/packages/vmdebootstrap,3
930,deb://Debian/packages/vmfs-tools,1
931,deb://Debian/packages/vmware-manager,1
932,deb://Debian/packages/vzctl,2
933,deb://Debian/packages/vzquota,1
934,deb://Debian/packages/wajig,1
935,deb://Debian/packages/wammu,1
936,deb://Debian/packages/wapiti,3
937,deb://Debian/packages/weather-util,1
938,deb://Debian/packages/webcheck,1
939,deb://Debian/packages/whichwayisup,3
940,deb://Debian/packages/wicd,2
941,deb://Debian/packages/wifi-radar,2
942,deb://Debian/packages/wiki2beamer,1
943,deb://Debian/packages/winpdb,2
944,deb://Debian/packages/woof,2
945,deb://Debian/packages/wotsap,2
946,deb://Debian/packages/wxglade,3
947,deb://Debian/packages/xcircuit,1
948,deb://Debian/packages/xdelta3,2
949,deb://Debian/packages/xdot,1
950,deb://Debian/packages/xen-tools,2
951,deb://Debian/packages/xkcdpass,1
952,deb://Debian/packages/xmldiff,2
953,deb://Debian/packages/xonsh,1
954,deb://Debian/packages/xtalk,3
955,deb://Debian/packages/yagtd,2
956,deb://Debian/packages/yapps2,2
957,deb://Debian/packages/yokadi,1
958,deb://Debian/packages/yorick-cubeview,2
959,deb://Debian/packages/youtube-dl,4
960,deb://Debian/packages/yum,2
961,deb://Debian/packages/zeroinstall-injector,1
962,deb://Debian/packages/zim,2
963,deb://Debian/packages/zope-replacesupport,1
964,https://github.com/0rpc/zerorpc-python,48
965,https://github.com/0x5e/wechat-deleted-friends,26
966,https://github.com/0xAX/linux-insides,283
967,https://github.com/10se1ucgo/DisableWinTracking,36
968,https://github.com/3b1b/manim,21
969,https://github.com/521xueweihan/HelloGitHub,6
970,https://github.com/AKSHAYUBHAT/DeepVideoAnalytics,4
971,https://github.com/AlessandroZ/LaZagne,19
972,https://github.com/AppScale/appscale,65
973,https://github.com/Bitmessage/PyBitmessage,170
974,https://github.com/Cadene/pretrained-models.pytorch,4
975,https://github.com/CharlesShang/FastMaskRCNN,17
976,https://github.com/ClusterHQ/flocker,81
977,https://github.com/Conchylicultor/DeepQA,17
978,https://github.com/CoreyMSchafer/code_snippets,3
979,https://github.com/CouchPotato/CouchPotatoServer,479
980,https://github.com/DEAP/deap,61
981,https://github.com/DanMcInerney/LANs.py,13
982,https://github.com/DanMcInerney/wifijammer,24
983,https://github.com/DistrictDataLabs/yellowbrick,38
984,https://github.com/Dman95/SASM,16
985,https://github.com/ElasticHQ/elasticsearch-HQ,34
986,https://github.com/Eloston/ungoogled-chromium,24
987,https://github.com/EpistasisLab/tpot,2
988,https://github.com/Featuretools/featuretools,10
989,https://github.com/Fewbytes/rubber-docker,11
990,https://github.com/Gallopsled/pwntools,89
991,https://github.com/GoogleCloudPlatform/python-docs-samples,178
992,https://github.com/Guake/guake,150
993,https://github.com/HIPS/autograd,40
994,https://github.com/HelloZeroNet/ZeroNet,120
995,https://github.com/Hironsan/BossSensor,6
996,https://github.com/HypothesisWorks/hypothesis,143
997,https://github.com/Jahaja/psdash,19
998,https://github.com/JakeWharton/pidcat,66
999,https://github.com/JuanPotato/Legofy,45
1000,https://github.com/Julian/jsonschema,88
1001,https://github.com/Kinto/kinto,92
1002,https://github.com/Kozea/WeasyPrint,52
1003,https://github.com/Lasagne/Lasagne,108
1004,https://github.com/LionSec/katoolin,18
1005,https://github.com/LiuXingMing/SinaSpider,9
1006,https://github.com/LonamiWebs/Telethon,46
1007,https://github.com/LuminosoInsight/python-ftfy,17
1008,https://github.com/MagicStack/asyncpg,20
1009,https://github.com/MagicStack/uvloop,22
1010,https://github.com/Manisso/fsociety,4
1011,https://github.com/MechanicalSoup/MechanicalSoup,28
1012,https://github.com/Miserlou/Zappa,207
1013,https://github.com/MobSF/Mobile-Security-Framework-MobSF,23
1014,https://github.com/MobileChromeApps/mobile-chrome-apps,49
1015,https://github.com/MongoEngine/mongoengine,371
1016,https://github.com/MorvanZhou/Reinforcement-learning-with-tensorflow,2
1017,https://github.com/MorvanZhou/Tensorflow-Tutorial,1
1018,https://github.com/MorvanZhou/tutorials,12
1019,https://github.com/MrS0m30n3/youtube-dl-gui,46
1020,https://github.com/MycroftAI/mycroft-core,108
1021,https://github.com/NervanaSystems/neon,51
1022,https://github.com/Netflix/security_monkey,114
1023,https://github.com/Newmu/dcgan_code,5
1024,https://github.com/OpenMined/PySyft,88
1025,https://github.com/P0cL4bs/WiFi-Pumpkin,10
1026,https://github.com/PaddlePaddle/models,47
1027,https://github.com/PeterDing/iScript,9
1028,https://github.com/PokemonGoF/PokemonGo-Bot,608
1029,https://github.com/PyCQA/pycodestyle,167
1030,https://github.com/PyCQA/pylint,128
1031,https://github.com/PyGithub/PyGithub,183
1032,https://github.com/Pylons/pyramid,413
1033,https://github.com/QUANTAXIS/QUANTAXIS,15
1034,https://github.com/QingdaoU/OnlineJudge,28
1035,https://github.com/RaRe-Technologies/gensim,364
1036,https://github.com/Rapptz/discord.py,152
1037,https://github.com/RasaHQ/rasa_core,27
1038,https://github.com/ReactiveX/RxPY,47
1039,https://github.com/Rochester-NRT/RocAlphaGo,24
1040,https://github.com/RocketMap/RocketMap,386
1041,https://github.com/Russell91/pythonpy,20
1042,https://github.com/Sentdex/pygta5,25
1043,https://github.com/ShangtongZhang/reinforcement-learning-an-introduction,14
1044,https://github.com/Shougo/deoplete.nvim,68
1045,https://github.com/SirVer/ultisnips,156
1046,https://github.com/SpiderLabs/Responder,32
1047,https://github.com/StackStorm/st2,130
1048,https://github.com/StevenBlack/hosts,70
1049,https://github.com/SublimeCodeIntel/SublimeCodeIntel,58
1050,https://github.com/SublimeText-Markdown/MarkdownEditing,69
1051,https://github.com/Supervisor/supervisor,221
1052,https://github.com/Tautulli/Tautulli,80
1053,https://github.com/Theano/Theano,518
1054,https://github.com/Tribler/tribler,108
1055,https://github.com/Uberi/speech_recognition,40
1056,https://github.com/Urinx/WeixinBot,38
1057,https://github.com/WenDesi/lihang_book_algorithm,1
1058,https://github.com/Wookai/paper-tips-and-tricks,1
1059,https://github.com/XX-net/XX-Net,124
1060,https://github.com/Yelp/dumb-init,25
1061,https://github.com/Yelp/elastalert,230
1062,https://github.com/Yelp/mrjob,146
1063,https://github.com/Zulko/moviepy,123
1064,https://github.com/aaugustin/websockets,45
1065,https://github.com/aboul3la/Sublist3r,38
1066,https://github.com/achael/eht-imaging,8
1067,https://github.com/adamchainz/django-cors-headers,1
1068,https://github.com/ageitgey/face_recognition,21
1069,https://github.com/aio-libs/aiohttp,411
1070,https://github.com/airbnb/knowledge-repo,36
1071,https://github.com/ajalt/fuckitpy,22
1072,https://github.com/ajenti/ajenti,85
1073,https://github.com/aleju/imgaug,6
1074,https://github.com/alexjc/neural-doodle,9
1075,https://github.com/alicevision/meshroom,9
1076,https://github.com/allenai/allennlp,22
1077,https://github.com/altair-viz/altair,36
1078,https://github.com/amoffat/sh,106
1079,https://github.com/amperser/proselint,69
1080,https://github.com/amueller/word_cloud,63
1081,https://github.com/andelf/fuck12306,5
1082,https://github.com/andresriancho/w3af,90
1083,https://github.com/androguard/androguard,67
1084,https://github.com/andymccurdy/redis-py,305
1085,https://github.com/angr/angr,89
1086,https://github.com/anishathalye/dotbot,24
1087,https://github.com/anishathalye/git-remote-dropbox,14
1088,https://github.com/anishathalye/neural-style,20
1089,https://github.com/ansible/ansible,4786
1090,https://github.com/ansible/ansible-container,87
1091,https://github.com/ansible/awx,78
1092,https://github.com/aosp-mirror/platform_development,519
1093,https://github.com/apache/incubator-mxnet,793
1094,https://github.com/apenwarr/sshuttle,55
1095,https://github.com/apprenticeharper/DeDRM_tools,19
1096,https://github.com/arielf/weight-loss,3
1097,https://github.com/arthepsy/ssh-audit,8
1098,https://github.com/asciimoo/drawille,20
1099,https://github.com/asciimoo/searx,94
1100,https://github.com/asciinema/asciinema,38
1101,https://github.com/asweigart/pyautogui,41
1102,https://github.com/automl/auto-sklearn,30
1103,https://github.com/avinassh/rockstar,52
1104,https://github.com/awentzonline/image-analogies,9
1105,https://github.com/aws/aws-cli,241
1106,https://github.com/aws/chalice,91
1107,https://github.com/awslabs/aws-sam-cli,32
1108,https://github.com/awslabs/aws-shell,16
1109,https://github.com/awslabs/serverless-application-model,24
1110,https://github.com/aymericdamien/TopDeepLearning,13
1111,https://github.com/aziz/PlainTasks,55
1112,https://github.com/b-ryan/powerline-shell,141
1113,https://github.com/bbfamily/abu,1
1114,https://github.com/bear/python-twitter,143
1115,https://github.com/beetbox/beets,387
1116,https://github.com/belluzj/fantasque-sans,10
1117,https://github.com/benoitc/gunicorn,375
1118,https://github.com/bigchaindb/bigchaindb,84
1119,https://github.com/billryan/algorithm-exercise,29
1120,https://github.com/binux/pyspider,81
1121,https://github.com/bitcoin/bips,246
1122,https://github.com/bitcoinbook/bitcoinbook,163
1123,https://github.com/blaze/blaze,81
1124,https://github.com/bndr/pipreqs,30
1125,https://github.com/bokeh/bokeh,386
1126,https://github.com/boto/boto,15
1127,https://github.com/boto/boto3,100
1128,https://github.com/bottlepy/bottle,259
1129,https://github.com/bowenpay/wechat-spider,3
1130,https://github.com/brennerm/PyTricks,48
1131,https://github.com/brightmart/text_classification,2
1132,https://github.com/brython-dev/brython,56
1133,https://github.com/buildbot/buildbot,611
1134,https://github.com/bup/bup,46
1135,https://github.com/burnash/gspread,94
1136,https://github.com/byt3bl33d3r/CrackMapExec,12
1137,https://github.com/byt3bl33d3r/MITMf,30
1138,https://github.com/carltongibson/django-filter,175
1139,https://github.com/celery/celery,860
1140,https://github.com/cemoody/lda2vec,13
1141,https://github.com/certbot/certbot,471
1142,https://github.com/chrippa/livestreamer,154
1143,https://github.com/chriskiehl/Gooey,59
1144,https://github.com/chrissimpkins/Crunch,1
1145,https://github.com/chrissimpkins/codeface,16
1146,https://github.com/christabor/flask_jsondash,8
1147,https://github.com/chubin/cheat.sh,5
1148,https://github.com/chubin/wttr.in,43
1149,https://github.com/ckan/ckan,288
1150,https://github.com/clips/pattern,66
1151,https://github.com/cloudera/hue,140
1152,https://github.com/cloudtools/troposphere,313
1153,https://github.com/coala/coala,439
1154,https://github.com/codelucas/newspaper,114
1155,https://github.com/coleifer/huey,64
1156,https://github.com/coleifer/peewee,203
1157,https://github.com/commaai/research,16
1158,https://github.com/conan-io/conan,134
1159,https://github.com/conda/conda,212
1160,https://github.com/coursera-dl/coursera-dl,98
1161,https://github.com/cowrie/cowrie,2
1162,https://github.com/crazyguitar/pysheeet,22
1163,https://github.com/crsmithdev/arrow,209
1164,https://github.com/cupy/cupy,43
1165,https://github.com/cyrus-and/gdb-dashboard,11
1166,https://github.com/cysmith/neural-style-tf,8
1167,https://github.com/cython/cython,287
1168,https://github.com/dabeaz/curio,45
1169,https://github.com/dabeaz/python-cookbook,7
1170,https://github.com/darknessomi/musicbox,75
1171,https://github.com/dask/dask,165
1172,https://github.com/david-gpu/srez,9
1173,https://github.com/daviddrysdale/python-phonenumbers,34
1174,https://github.com/davidhalter/jedi,122
1175,https://github.com/davidsandberg/facenet,45
1176,https://github.com/dbader/schedule,49
1177,https://github.com/dbcli/mycli,53
1178,https://github.com/dbcli/pgcli,112
1179,https://github.com/dedupeio/dedupe,61
1180,https://github.com/deepfakes/faceswap,6
1181,https://github.com/deepmind/dnc,4
1182,https://github.com/deepmind/pysc2,26
1183,https://github.com/deepmind/sonnet,20
1184,https://github.com/deis/deis,275
1185,https://github.com/dennybritz/cnn-text-classification-tf,19
1186,https://github.com/diafygi/acme-tiny,78
1187,https://github.com/divio/django-cms,543
1188,https://github.com/django-compressor/django-compressor,245
1189,https://github.com/django-extensions/django-extensions,427
1190,https://github.com/django-guardian/django-guardian,169
1191,https://github.com/django-haystack/django-haystack,394
1192,https://github.com/django-oscar/django-oscar,349
1193,https://github.com/django-tastypie/django-tastypie,445
1194,https://github.com/django/channels,154
1195,https://github.com/django/django,2881
1196,https://github.com/dmlc/tvm,64
1197,https://github.com/docker/compose,496
1198,https://github.com/docker/docker-py,437
1199,https://github.com/docker/docker-registry,195
1200,https://github.com/docopt/docopt,75
1201,https://github.com/donnemartin/awesome-aws,60
1202,https://github.com/donnemartin/data-science-ipython-notebooks,14
1203,https://github.com/donnemartin/dev-setup,18
1204,https://github.com/donnemartin/gitsome,30
1205,https://github.com/donnemartin/interactive-coding-challenges,58
1206,https://github.com/donnemartin/saws,9
1207,https://github.com/donnemartin/system-design-primer,43
1208,https://github.com/douban/dpark,17
1209,https://github.com/dpgaspar/Flask-AppBuilder,89
1210,https://github.com/dpkp/kafka-python,193
1211,https://github.com/drathier/stack-overflow-import,5
1212,https://github.com/drduh/macOS-Security-and-Privacy-Guide,64
1213,https://github.com/drivendata/cookiecutter-data-science,24
1214,https://github.com/dropbox/pyston,64
1215,https://github.com/dschep/ntfy,31
1216,https://github.com/dwyl/english-words,13
1217,https://github.com/dylanaraps/pywal,18
1218,https://github.com/eastlakeside/interpy-zh,23
1219,https://github.com/edgedb/edgedb,3
1220,https://github.com/edx/edx-platform,851
1221,https://github.com/elastic/curator,112
1222,https://github.com/elastic/elasticsearch-dsl-py,118
1223,https://github.com/elastic/elasticsearch-py,153
1224,https://github.com/eliangcs/http-prompt,18
1225,https://github.com/emre/storm,52
1226,https://github.com/encode/django-rest-framework,1392
1227,https://github.com/endernewton/tf-faster-rcnn,18
1228,https://github.com/equinusocio/material-theme,100
1229,https://github.com/eriklindernoren/ML-From-Scratch,6
1230,https://github.com/espressif/esptool,49
1231,https://github.com/eternnoir/pyTelegramBotAPI,78
1232,https://github.com/ethereon/caffe-tensorflow,17
1233,https://github.com/ethereum/vyper,47
1234,https://github.com/etianen/django-reversion,170
1235,https://github.com/eudicots/Cactus,78
1236,https://github.com/euske/pdfminer,50
1237,https://github.com/evhub/coconut,27
1238,https://github.com/evilsocket/opensnitch,19
1239,https://github.com/explosion/spaCy,202
1240,https://github.com/fabric/fabric,344
1241,https://github.com/facebook/PathPicker,69
1242,https://github.com/facebook/chisel,73
1243,https://github.com/facebook/codemod,28
1244,https://github.com/facebook/prophet,50
1245,https://github.com/facebookarchive/huxley,17
1246,https://github.com/facebookarchive/python-instagram,113
1247,https://github.com/facebookresearch/DrQA,8
1248,https://github.com/facebookresearch/ParlAI,59
1249,https://github.com/facebookresearch/visdom,43
1250,https://github.com/faif/python-patterns,110
1251,https://github.com/fail2ban/fail2ban,245
1252,https://github.com/falconry/falcon,132
1253,https://github.com/farizrahman4u/seq2seq,22
1254,https://github.com/fastmonkeys/stellar,16
1255,https://github.com/fchollet/deep-learning-models,16
1256,https://github.com/felixonmars/dnsmasq-china-list,49
1257,https://github.com/feross/SpoofMAC,19
1258,https://github.com/fivesheep/chnroutes,29
1259,https://github.com/fizyr/keras-retinanet,21
1260,https://github.com/flask-admin/flask-admin,299
1261,https://github.com/flask-restful/flask-restful,202
1262,https://github.com/fluentpython/example-code,10
1263,https://github.com/fmfn/BayesianOptimization,19
1264,https://github.com/fogleman/Minecraft,44
1265,https://github.com/foosel/OctoPrint,179
1266,https://github.com/formspree/formspree,33
1267,https://github.com/frappe/erpnext,331
1268,https://github.com/freedomofpress/securedrop,177
1269,https://github.com/fxsjy/jieba,67
1270,https://github.com/gaubert/gmvault,43
1271,https://github.com/gbeced/pyalgotrade,32
1272,https://github.com/geekan/scrapy-examples,10
1273,https://github.com/geekcomputers/Python,159
1274,https://github.com/geex-arts/django-jet,50
1275,https://github.com/gelstudios/gitfiti,19
1276,https://github.com/geopy/geopy,114
1277,https://github.com/getpelican/pelican,532
1278,https://github.com/getredash/redash,301
1279,https://github.com/getsentry/responses,75
1280,https://github.com/getsentry/sentry,520
1281,https://github.com/gevent/gevent,149
1282,https://github.com/gitpython-developers/GitPython,150
1283,https://github.com/gleitz/howdoi,62
1284,https://github.com/gnemoug/distribute_crawler,6
1285,https://github.com/golemfactory/golem,59
1286,https://github.com/gongjianhui/AppleDNS,18
1287,https://github.com/goodfeli/adversarial,2
1288,https://github.com/google/enjarify,13
1289,https://github.com/google/grr,39
1290,https://github.com/google/nogotofail,13
1291,https://github.com/google/python-fire,21
1292,https://github.com/google/sanitizers,10
1293,https://github.com/google/seq2seq,33
1294,https://github.com/google/yapf,86
1295,https://github.com/googlemaps/google-maps-services-python,35
1296,https://github.com/gorakhargosh/watchdog,114
1297,https://github.com/graphql-python/graphene-django,87
1298,https://github.com/gregmalcolm/python_koans,89
1299,https://github.com/guardicore/monkey,5
1300,https://github.com/gunthercox/ChatterBot,108
1301,https://github.com/hackerkid/Mind-Expanding-Books,87
1302,https://github.com/hamuchiwa/AutoRCCar,4
1303,https://github.com/hardikvasa/google-images-download,9
1304,https://github.com/harelba/q,37
1305,https://github.com/hellerve/programming-talks,19
1306,https://github.com/hephaest0s/usbkill,25
1307,https://github.com/hhatto/autopep8,44
1308,https://github.com/hindupuravinash/the-gan-zoo,12
1309,https://github.com/home-assistant/home-assistant,1202
1310,https://github.com/honza/vim-snippets,498
1311,https://github.com/houtianze/bypy,29
1312,https://github.com/huge-success/sanic,3
1313,https://github.com/hugsy/gef,28
1314,https://github.com/huyingxi/Synonyms,4
1315,https://github.com/hylang/hy,158
1316,https://github.com/hyperopt/hyperopt,40
1317,https://github.com/hzlzh/AlfredWorkflow.com,23
1318,https://github.com/i-tu/Hasklig,28
1319,https://github.com/ibab/tensorflow-wavenet,42
1320,https://github.com/idank/explainshell,21
1321,https://github.com/infobyte/faraday,39
1322,https://github.com/injetlee/Python,1
1323,https://github.com/iovisor/bcc,175
1324,https://github.com/ipython/ipython,798
1325,https://github.com/isnowfy/snownlp,5
1326,https://github.com/isocpp/CppCoreGuidelines,260
1327,https://github.com/iterative/dvc,8
1328,https://github.com/jakubroztocil/httpie,142
1329,https://github.com/jarun/Buku,48
1330,https://github.com/jarun/googler,24
1331,https://github.com/jasperproject/jasper-client,65
1332,https://github.com/jaungiers/LSTM-Neural-Network-for-Time-Series-Prediction,2
1333,https://github.com/jayfk/statuspage,21
1334,https://github.com/jazzband/django-debug-toolbar,245
1335,https://github.com/jazzband/pip-tools,130
1336,https://github.com/jcjohnson/pytorch-examples,6
1337,https://github.com/jeanphix/Ghost.py,84
1338,https://github.com/jeffkaufman/icdiff,44
1339,https://github.com/jeffknupp/sandman,22
1340,https://github.com/jiaaro/pydub,56
1341,https://github.com/jindongwang/transferlearning,1
1342,https://github.com/jinfagang/tensorflow_poems,7
1343,https://github.com/jinfagang/weibo_terminater,5
1344,https://github.com/jisaacks/GitGutter,110
1345,https://github.com/jisungk/deepjazz,6
1346,https://github.com/jmcarp/robobrowser,22
1347,https://github.com/joelgrus/data-science-from-scratch,18
1348,https://github.com/joestump/python-oauth2,84
1349,https://github.com/joeyespo/grip,43
1350,https://github.com/joke2k/faker,236
1351,https://github.com/jopohl/urh,16
1352,https://github.com/jorgebastida/awslogs,35
1353,https://github.com/jorgebastida/glue,55
1354,https://github.com/josephmisiti/awesome-machine-learning,329
1355,https://github.com/jostmey/NakedTensor,7
1356,https://github.com/jpadilla/pyjwt,55
1357,https://github.com/jrosebr1/imutils,14
1358,https://github.com/junyanz/iGAN,2
1359,https://github.com/junyanz/pytorch-CycleGAN-and-pix2pix,21
1360,https://github.com/jupyter/jupyter,43
1361,https://github.com/jwilder/nginx-proxy,172
1362,https://github.com/kachayev/fn.py,28
1363,https://github.com/karpathy/arxiv-sanity-preserver,35
1364,https://github.com/karpathy/neuraltalk,11
1365,https://github.com/kemayo/sublime-text-git,133
1366,https://github.com/kennethreitz/clint,92
1367,https://github.com/kennethreitz/records,38
1368,https://github.com/keon/algorithms,56
1369,https://github.com/keras-rl/keras-rl,39
1370,https://github.com/keras-team/keras,1077
1371,https://github.com/kivy/kivy,531
1372,https://github.com/kivy/python-for-android,188
1373,https://github.com/kootenpv/whereami,13
1374,https://github.com/kovidgoyal/calibre,187
1375,https://github.com/kstenerud/iOS-Universal-Framework,18
1376,https://github.com/kylemcdonald/FreeWifi,4
1377,https://github.com/laramies/theHarvester,32
1378,https://github.com/larsenwork/monoid,30
1379,https://github.com/lauris/awesome-scala,226
1380,https://github.com/lazyprogrammer/machine_learning_examples,10
1381,https://github.com/lebinh/ngxtop,24
1382,https://github.com/lektor/lektor,80
1383,https://github.com/lengstrom/fast-style-transfer,27
1384,https://github.com/lennylxx/ipv6-hosts,9
1385,https://github.com/librosa/librosa,45
1386,https://github.com/lihaoyi/macropy,13
1387,https://github.com/lining0806/PythonSpiderNotes,1
1388,https://github.com/lisa-lab/DeepLearningTutorials,48
1389,https://github.com/lisa-lab/pylearn2,213
1390,https://github.com/listen1/listen1,3
1391,https://github.com/littlecodersh/ItChat,49
1392,https://github.com/liuwons/wxBot,36
1393,https://github.com/lmacken/pyrasite,25
1394,https://github.com/lmcinnes/umap,3
1395,https://github.com/localstack/localstack,60
1396,https://github.com/locustio/locust,124
1397,https://github.com/longld/peda,40
1398,https://github.com/lra/mackup,328
1399,https://github.com/lutris/lutris,48
1400,https://github.com/lyst/lightfm,29
1401,https://github.com/madmaze/pytesseract,28
1402,https://github.com/mahmoud/boltons,48
1403,https://github.com/mail-in-a-box/mailinabox,173
1404,https://github.com/mailpile/Mailpile,213
1405,https://github.com/mame82/P4wnP1,3
1406,https://github.com/marcgibbons/django-rest-swagger,170
1407,https://github.com/marshmallow-code/marshmallow,136
1408,https://github.com/martinarjovsky/WassersteinGAN,9
1409,https://github.com/martinblech/xmltodict,37
1410,https://github.com/matplotlib/matplotlib,1024
1411,https://github.com/matrix-org/synapse,139
1412,https://github.com/matterport/Mask_RCNN,14
1413,https://github.com/maurosoria/dirsearch,26
1414,https://github.com/meolu/walle-web,42
1415,https://github.com/mesonbuild/meson,255
1416,https://github.com/mher/flower,159
1417,https://github.com/micahflee/onionshare,63
1418,https://github.com/michael-lazar/rtv,72
1419,https://github.com/michaelliao/learn-python3,9
1420,https://github.com/midgetspy/Sick-Beard,455
1421,https://github.com/miguelgrinberg/Flask-SocketIO,60
1422,https://github.com/miguelgrinberg/flasky,32
1423,https://github.com/miguelgrinberg/microblog,4
1424,https://github.com/minimaxir/big-list-of-naughty-strings,91
1425,https://github.com/minimaxir/textgenrnn,1
1426,https://github.com/mininet/mininet,137
1427,https://github.com/mirumee/saleor,110
1428,https://github.com/misterch0c/shadowbroker,7
1429,https://github.com/mitmproxy/mitmproxy,282
1430,https://github.com/mkaz/termgraph,7
1431,https://github.com/mkdocs/mkdocs,172
1432,https://github.com/mnielsen/neural-networks-and-deep-learning,28
1433,https://github.com/mobolic/facebook-sdk,149
1434,https://github.com/mongodb/mongo-python-driver,195
1435,https://github.com/mooz/percol,37
1436,https://github.com/mopidy/mopidy,151
1437,https://github.com/mps-youtube/mps-youtube,78
1438,https://github.com/mrjbq7/ta-lib,18
1439,https://github.com/msiemens/tinydb,43
1440,https://github.com/msracver/Deformable-ConvNets,9
1441,https://github.com/mstamy2/PyPDF2,117
1442,https://github.com/mwaskom/seaborn,151
1443,https://github.com/mzucker/noteshrink,6
1444,https://github.com/n1nj4sec/pupy,51
1445,https://github.com/nameko/nameko,55
1446,https://github.com/neozhaoliang/pywonderland,6
1447,https://github.com/networkx/networkx,344
1448,https://github.com/newsapps/beeswithmachineguns,66
1449,https://github.com/nficano/pytube,45
1450,https://github.com/nickoala/telepot,21
1451,https://github.com/nicolargo/glances,129
1452,https://github.com/nltk/nltk,303
1453,https://github.com/noamraph/tqdm,15
1454,https://github.com/nodejs/node-gyp,202
1455,https://github.com/nryoung/algorithms,92
1456,https://github.com/nteract/papermill,14
1457,https://github.com/numba/numba,101
1458,https://github.com/numenta/nupic,142
1459,https://github.com/nvbn/thefuck,132
1460,https://github.com/nvdv/vprof,16
1461,https://github.com/nylas/sync-engine,73
1462,https://github.com/oarriaga/face_classification,7
1463,https://github.com/offu/WeRoBot,36
1464,https://github.com/okfn-brasil/serenata-de-amor,82
1465,https://github.com/omab/django-social-auth,224
1466,https://github.com/omab/python-social-auth,356
1467,https://github.com/openai/baselines,60
1468,https://github.com/openai/gym,175
1469,https://github.com/openimages/dataset,11
1470,https://github.com/openstack/nova,2417
1471,https://github.com/openstack/openstack,23
1472,https://github.com/p-e-w/maybe,6
1473,https://github.com/pallets/click,210
1474,https://github.com/pallets/flask,781
1475,https://github.com/pallets/jinja,251
1476,https://github.com/pallets/werkzeug,436
1477,https://github.com/pandas-dev/pandas,1517
1478,https://github.com/pandolia/qqbot,22
1479,https://github.com/paralax/awesome-honeypots,38
1480,https://github.com/paramiko/paramiko,3
1481,https://github.com/pavelgonchar/colornet,2
1482,https://github.com/pennersr/django-allauth,495
1483,https://github.com/phodal/awesome-iot,30
1484,https://github.com/pinax/pinax,53
1485,https://github.com/platformio/platformio-core,68
1486,https://github.com/plotly/dash,23
1487,https://github.com/posativ/isso,74
1488,https://github.com/powerline/powerline,222
1489,https://github.com/prakhar1989/Algorithms,25
1490,https://github.com/pre-commit/pre-commit,47
1491,https://github.com/pritunl/pritunl,23
1492,https://github.com/programthink/zhao,10
1493,https://github.com/pudo/dataset,56
1494,https://github.com/pwndbg/pwndbg,51
1495,https://github.com/pybrain/pybrain,65
1496,https://github.com/pyca/cryptography,201
1497,https://github.com/pydanny/cookiecutter-django,249
1498,https://github.com/pyeve/eve,197
1499,https://github.com/pyinstaller/pyinstaller,277
1500,https://github.com/pyinvoke/invoke,85
1501,https://github.com/pymc-devs/pymc3,230
1502,https://github.com/pypa/pip,598
1503,https://github.com/pypa/pipenv,155
1504,https://github.com/pypa/sampleproject,25
1505,https://github.com/pypa/virtualenv,3
1506,https://github.com/pypa/warehouse,116
1507,https://github.com/pytest-dev/pytest,289
1508,https://github.com/python-mode/python-mode,139
1509,https://github.com/python-pillow/Pillow,305
1510,https://github.com/python-telegram-bot/python-telegram-bot,111
1511,https://github.com/python-trio/trio,18
1512,https://github.com/python-visualization/folium,97
1513,https://github.com/python/cpython,875
1514,https://github.com/python/mypy,220
1515,https://github.com/pytoolz/toolz,64
1516,https://github.com/pytorch/examples,109
1517,https://github.com/qiwsir/algorithm,13
1518,https://github.com/quantopian/zipline,177
1519,https://github.com/ranger/ranger,137
1520,https://github.com/rarcega/instagram-scraper,27
1521,https://github.com/rasbt/mlxtend,37
1522,https://github.com/raspberrypi/documentation,290
1523,https://github.com/ray-project/ray,48
1524,https://github.com/rbgirshick/fast-rcnn,16
1525,https://github.com/rbgirshick/py-faster-rcnn,41
1526,https://github.com/realpython/discover-flask,2
1527,https://github.com/reinderien/mimic,14
1528,https://github.com/rembo10/headphones,203
1529,https://github.com/reorx/httpstat,9
1530,https://github.com/revolunet/sublimetext-markdown-preview,99
1531,https://github.com/ricequant/rqalpha,27
1532,https://github.com/rkern/line_profiler,25
1533,https://github.com/robotframework/robotframework,109
1534,https://github.com/rossant/awesome-math,17
1535,https://github.com/rougier/numpy-100,23
1536,https://github.com/rushter/MLAlgorithms,15
1537,https://github.com/rushter/data-science-blogs,66
1538,https://github.com/ryankiros/neural-storyteller,5
1539,https://github.com/s3tools/s3cmd,230
1540,https://github.com/saltstack/salt,2996
1541,https://github.com/samshadwell/TrumpScript,64
1542,https://github.com/saulpw/visidata,21
1543,https://github.com/schematics/schematics,130
1544,https://github.com/schollz/howmanypeoplearearound,7
1545,https://github.com/scikit-image/scikit-image,401
1546,https://github.com/scikit-learn-contrib/imbalanced-learn,37
1547,https://github.com/scikit-learn/scikit-learn,1762
1548,https://github.com/scipy-lectures/scipy-lecture-notes,96
1549,https://github.com/scipy/scipy,850
1550,https://github.com/scrapinghub/portia,51
1551,https://github.com/scrapinghub/splash,53
1552,https://github.com/scrapy/scrapy,537
1553,https://github.com/sdispater/pendulum,41
1554,https://github.com/seatgeek/fuzzywuzzy,67
1555,https://github.com/secdev/scapy,134
1556,https://github.com/secretsquirrel/the-backdoor-factory,15
1557,https://github.com/shadowsocks/shadowsocks,98
1558,https://github.com/shelhamer/fcn.berkeleyvision.org,4
1559,https://github.com/sherjilozair/char-rnn-tensorflow,43
1560,https://github.com/shidenggui/easytrader,58
1561,https://github.com/sightmachine/SimpleCV,138
1562,https://github.com/simon-weber/gmusicapi,59
1563,https://github.com/simonw/datasette,9
1564,https://github.com/sivel/speedtest-cli,108
1565,https://github.com/sixohsix/twitter,87
1566,https://github.com/sloria/TextBlob,28
1567,https://github.com/sloria/doitlive,11
1568,https://github.com/smicallef/spiderfoot,23
1569,https://github.com/snare/voltron,27
1570,https://github.com/snipsco/snips-nlu,10
1571,https://github.com/soimort/you-get,175
1572,https://github.com/sokolovstas/SublimeWebInspector,17
1573,https://github.com/somerandomdude/Iconic,5
1574,https://github.com/sony/nnabla,30
1575,https://github.com/soumith/convnet-benchmarks,38
1576,https://github.com/sovereign/sovereign,124
1577,https://github.com/spadgos/sublime-jsdocs,71
1578,https://github.com/spesmilo/electrum,303
1579,https://github.com/sphinx-doc/sphinx,313
1580,https://github.com/spinnaker/spinnaker,118
1581,https://github.com/spotify/luigi,534
1582,https://github.com/spulec/moto,325
1583,https://github.com/spyder-ide/spyder,128
1584,https://github.com/spyoungtech/grequests,2
1585,https://github.com/sqlmapproject/sqlmap,127
1586,https://github.com/sripathikrishnan/redis-rdb-tools,36
1587,https://github.com/sshuttle/sshuttle,51
1588,https://github.com/sshwsfc/xadmin,80
1589,https://github.com/stamparm/maltrail,18
1590,https://github.com/statsmodels/statsmodels,218
1591,https://github.com/stephenmcd/mezzanine,368
1592,https://github.com/streamlink/streamlink,86
1593,https://github.com/swisskyrepo/PayloadsAllTheThings,6
1594,https://github.com/sylnsfar/qrcode,5
1595,https://github.com/sympy/sympy,995
1596,https://github.com/taigaio/taiga-back,74
1597,https://github.com/tangqiaoboy/iOSBlogCN,17
1598,https://github.com/tensorflow/cleverhans,57
1599,https://github.com/tensorflow/magenta,106
1600,https://github.com/tensorflow/models,594
1601,https://github.com/tensorflow/nmt,24
1602,https://github.com/tensorflow/skflow,35
1603,https://github.com/tensorflow/tensor2tensor,58
1604,https://github.com/tensorflow/tensorboard,70
1605,https://github.com/tensorlayer/tensorlayer,63
1606,https://github.com/tensorpack/tensorpack,30
1607,https://github.com/tflearn/tflearn,139
1608,https://github.com/tgalal/yowsup,158
1609,https://github.com/thearn/webcam-pulse-detector,5
1610,https://github.com/theskumar/python-dotenv,38
1611,https://github.com/threat9/routersploit,66
1612,https://github.com/thumbor/thumbor,151
1613,https://github.com/timgrossmann/InstaPy,119
1614,https://github.com/tldr-pages/tldr,611
1615,https://github.com/tmux-python/tmuxp,40
1616,https://github.com/tonybeltramelli/pix2code,5
1617,https://github.com/tornadoweb/tornado,578
1618,https://github.com/tqdm/tqdm,54
1619,https://github.com/trailofbits/algo,91
1620,https://github.com/trustedsec/ptf,86
1621,https://github.com/trustedsec/social-engineer-toolkit,66
1622,https://github.com/tschellenbach/Stream-Framework,31
1623,https://github.com/tweepy/tweepy,284
1624,https://github.com/twisted/twisted,196
1625,https://github.com/tyiannak/pyAudioAnalysis,22
1626,https://github.com/tzutalin/labelImg,38
1627,https://github.com/ujjwalkarn/DataSciencePython,4
1628,https://github.com/vinta/awesome-python,685
1629,https://github.com/vishnubob/wait-for-it,31
1630,https://github.com/volatilityfoundation/volatility,62
1631,https://github.com/waditu/tushare,68
1632,https://github.com/wagtail/wagtail,421
1633,https://github.com/wal-e/wal-e,92
1634,https://github.com/warmheartli/ChatBotCourse,4
1635,https://github.com/warner/magic-wormhole,34
1636,https://github.com/wbond/package_control,63
1637,https://github.com/wepe/MachineLearning,6
1638,https://github.com/what-studio/profiling,17
1639,https://github.com/wifiphisher/wifiphisher,58
1640,https://github.com/wireservice/csvkit,129
1641,https://github.com/wkentaro/labelme,1
1642,https://github.com/worldveil/dejavu,31
1643,https://github.com/wting/autojump,104
1644,https://github.com/xiyouMc/WebHubBot,6
1645,https://github.com/xonsh/xonsh,180
1646,https://github.com/yahoo/TensorFlowOnSpark,15
1647,https://github.com/yandex/gixy,13
1648,https://github.com/yasoob/intermediatePython,69
1649,https://github.com/yidao620c/python3-cookbook,78
1650,https://github.com/yosinski/deep-visualization-toolbox,16
1651,https://github.com/youfou/wxpy,3
1652,https://github.com/ysrc/xunfeng,25
1653,https://github.com/ytisf/theZoo,18
1654,https://github.com/zalando/connexion,131
1655,https://github.com/zalando/patroni,43
1656,https://github.com/zeromq/pyzmq,131
1657,https://github.com/zulip/zulip,621
1658,https://github.com/zzw922cn/Automatic_Speech_Recognition,6
1659,https://github.com/zzzeek/sqlalchemy,279
1660,https://gitlab.com/EAVISE/brambox.git,2
1661,https://gitlab.com/GNULand/TraktorPlus/Traktor.git,7
1662,https://gitlab.com/MatteoCampinoti94/FALocalRepo.git,1
1663,https://gitlab.com/Screwtapello/bdflib.git,3
1664,https://gitlab.com/anarcat/feed2exec.git,1
1665,https://gitlab.com/asciidoc3/asciidoc3.git,1
1666,https://gitlab.com/aurelien-lourot/importdir.git,1
1667,https://gitlab.com/betse/betse.git,2
1668,https://gitlab.com/bgez/bgez.git,1
1669,https://gitlab.com/bgez/demos/BGEz_LandGen.git,1
1670,https://gitlab.com/canarduck/systranio.git,1
1671,https://gitlab.com/cerfacs/batman.git,7
1672,https://gitlab.com/coala/PyPrint.git,3
1673,https://gitlab.com/crowdcontrol/crowdcontrol.git,1
1674,https://gitlab.com/crunching-data/learn-by-example.git,1
1675,https://gitlab.com/davidism/idea-party.git,5
1676,https://gitlab.com/doctormo/python-crontab.git,2
1677,https://gitlab.com/dragontek/apscheduler-api.git,1
1678,https://gitlab.com/ezdoo/odoo_ezdoo.git,1
1679,https://gitlab.com/fdroid/repomaker.git,5
1680,https://gitlab.com/foundry-in-a-box/fib.git,2
1681,https://gitlab.com/frankrich/sds011_particle_sensor.git,1
1682,https://gitlab.com/gnowledge/gstudio.git,3
1683,https://gitlab.com/hesafredrika/server.git,1
1684,https://gitlab.com/ideasman42/blender-mathutils.git,2
1685,https://gitlab.com/kivymd/KivyMD.git,18
1686,https://gitlab.com/ldo/harfpy.git,1
1687,https://gitlab.com/librespacefoundation/satnogs/satnogs-db.git,18
1688,https://gitlab.com/librespacefoundation/satnogs/satnogs-network.git,20
1689,https://gitlab.com/m2crypto/m2crypto.git,36
1690,https://gitlab.com/mauriciobaeza/empresa-libre.git,1
1691,https://gitlab.com/mayan-edms/mayan-edms.git,16
1692,https://gitlab.com/mike01/pypacker.git,4
1693,https://gitlab.com/mindfulness-at-the-computer/mindfulness-at-the-computer.git,1
1694,https://gitlab.com/nobodyinperson/simbuto.git,2
1695,https://gitlab.com/noppo/gevent-websocket.git,6
1696,https://gitlab.com/pages/hyde.git,3
1697,https://gitlab.com/pycqa/flake8-docstrings.git,9
1698,https://gitlab.com/pycqa/flake8.git,74
1699,https://gitlab.com/pycqa/pep8-naming.git,1
1700,https://gitlab.com/pycqa/pycodestyle.git,5
1701,https://gitlab.com/pycqa/pydocstyle.git,2
1702,https://gitlab.com/pycqa/pylint.git,10
1703,https://gitlab.com/pycqa/redbaron.git,3
1704,https://gitlab.com/vagnum08/cpupower-gui.git,1
1705,https://gitlab.com/valtron/msn-server.git,4
1706,https://pypi.org/project/APScheduler/,2
1707,https://pypi.org/project/Automat/,2
1708,https://pypi.org/project/BeautifulSoup/,1
1709,https://pypi.org/project/CacheControl/,1
1710,https://pypi.org/project/Cerberus/,1
1711,https://pypi.org/project/Cheetah/,2
1712,https://pypi.org/project/ConfigArgParse/,1
1713,https://pypi.org/project/Cycler/,2
1714,https://pypi.org/project/Cython/,3
1715,https://pypi.org/project/Django/,1
1716,https://pypi.org/project/EasyProcess/,1
1717,https://pypi.org/project/Faker/,2
1718,https://pypi.org/project/Fiona/,2
1719,https://pypi.org/project/Flask-Admin/,3
1720,https://pypi.org/project/Flask-Bcrypt/,1
1721,https://pypi.org/project/Flask-Login/,1
1722,https://pypi.org/project/Flask-RESTful/,3
1723,https://pypi.org/project/PasteDeploy/,2
1724,https://pypi.org/project/PuLP/,3
1725,https://pypi.org/project/PyAthenaJDBC/,1
1726,https://pypi.org/project/PyHamcrest/,3
1727,https://pypi.org/project/PyMySQL/,4
1728,https://pypi.org/project/PyVCF/,2
1729,https://pypi.org/project/PyVirtualDisplay/,1
1730,https://pypi.org/project/Pygments/,3
1731,https://pypi.org/project/Pympler/,1
1732,https://pypi.org/project/Pyphen/,1
1733,https://pypi.org/project/Sphinx/,1
1734,https://pypi.org/project/WeasyPrint/,2
1735,https://pypi.org/project/WebOb/,3
1736,https://pypi.org/project/Werkzeug/,1
1737,https://pypi.org/project/aiodns/,1
1738,https://pypi.org/project/aiohttp_cors/,1
1739,https://pypi.org/project/alabaster/,1
1740,https://pypi.org/project/alembic/,1
1741,https://pypi.org/project/altgraph/,3
1742,https://pypi.org/project/analytics-python/,2
1743,https://pypi.org/project/antlr4-python3-runtime/,2
1744,https://pypi.org/project/applicationinsights/,1
1745,https://pypi.org/project/appnope/,1
1746,https://pypi.org/project/argcomplete/,1
1747,https://pypi.org/project/argparse/,2
1748,https://pypi.org/project/args/,1
1749,https://pypi.org/project/asn1crypto/,1
1750,https://pypi.org/project/aspy.yaml/,1
1751,https://pypi.org/project/astor/,1
1752,https://pypi.org/project/async_timeout/,1
1753,https://pypi.org/project/autobahn/,2
1754,https://pypi.org/project/aws-xray-sdk/,1
1755,https://pypi.org/project/azure-cli-cdn/,1
1756,https://pypi.org/project/azure-cli-cloud/,1
1757,https://pypi.org/project/azure-cli-cognitiveservices/,1
1758,https://pypi.org/project/azure-cli-core/,1
1759,https://pypi.org/project/azure-cli-dla/,1
1760,https://pypi.org/project/azure-cli-interactive/,1
1761,https://pypi.org/project/azure-cli-iot/,1
1762,https://pypi.org/project/azure-cli-lab/,1
1763,https://pypi.org/project/azure-cli-monitor/,1
1764,https://pypi.org/project/azure-cli-profile/,1
1765,https://pypi.org/project/azure-cli-redis/,1
1766,https://pypi.org/project/azure-cli-reservations/,1
1767,https://pypi.org/project/azure-cli-servicefabric/,1
1768,https://pypi.org/project/azure-common/,1
1769,https://pypi.org/project/azure-cosmosdb-nspkg/,1
1770,https://pypi.org/project/azure-keyvault/,1
1771,https://pypi.org/project/azure-mgmt-advisor/,1
1772,https://pypi.org/project/azure-mgmt-authorization/,1
1773,https://pypi.org/project/azure-mgmt-batch/,2
1774,https://pypi.org/project/azure-mgmt-billing/,1
1775,https://pypi.org/project/azure-mgmt-commerce/,1
1776,https://pypi.org/project/azure-mgmt-compute/,2
1777,https://pypi.org/project/azure-mgmt-containerinstance/,2
1778,https://pypi.org/project/azure-mgmt-containerregistry/,2
1779,https://pypi.org/project/azure-mgmt-datafactory/,1
1780,https://pypi.org/project/azure-mgmt-datalake-nspkg/,1
1781,https://pypi.org/project/azure-mgmt-eventgrid/,2
1782,https://pypi.org/project/azure-mgmt-iothub/,2
1783,https://pypi.org/project/azure-mgmt-loganalytics/,1
1784,https://pypi.org/project/azure-mgmt-media/,1
1785,https://pypi.org/project/azure-mgmt-nspkg/,1
1786,https://pypi.org/project/azure-mgmt-recoveryservices/,1
1787,https://pypi.org/project/azure-mgmt-redis/,1
1788,https://pypi.org/project/azure-mgmt-reservations/,1
1789,https://pypi.org/project/azure-mgmt-resource/,2
1790,https://pypi.org/project/azure-mgmt-search/,1
1791,https://pypi.org/project/azure-mgmt-servicebus/,2
1792,https://pypi.org/project/azure-mgmt-servicefabric/,1
1793,https://pypi.org/project/azure-mgmt-sql/,2
1794,https://pypi.org/project/azure-mgmt-storage/,2
1795,https://pypi.org/project/azure-mgmt-trafficmanager/,1
1796,https://pypi.org/project/azure-mgmt/,1
1797,https://pypi.org/project/azure-nspkg/,1
1798,https://pypi.org/project/azure-servicefabric/,2
1799,https://pypi.org/project/azure-servicemanagement-legacy/,1
1800,https://pypi.org/project/azure-storage-blob/,1
1801,https://pypi.org/project/azure-storage-common/,1
1802,https://pypi.org/project/azure-storage-file/,1
1803,https://pypi.org/project/azure-storage/,1
1804,https://pypi.org/project/azure/,3
1805,https://pypi.org/project/backcall/,1
1806,https://pypi.org/project/backoff/,2
1807,https://pypi.org/project/backports_abc/,1
1808,https://pypi.org/project/billiard/,3
1809,https://pypi.org/project/bitarray/,1
1810,https://pypi.org/project/blinker/,1
1811,https://pypi.org/project/blis/,2
1812,https://pypi.org/project/boto/,1
1813,https://pypi.org/project/boto3/,2
1814,https://pypi.org/project/bumpversion/,1
1815,https://pypi.org/project/bz2file/,1
1816,https://pypi.org/project/cassandra-driver/,1
1817,https://pypi.org/project/click-completion/,1
1818,https://pypi.org/project/clint/,1
1819,https://pypi.org/project/cloudpickle/,1
1820,https://pypi.org/project/coloredlogs/,1
1821,https://pypi.org/project/configparser/,2
1822,https://pypi.org/project/cookiejar/,1
1823,https://pypi.org/project/cookies/,1
1824,https://pypi.org/project/coreapi/,1
1825,https://pypi.org/project/crcmod/,1
1826,https://pypi.org/project/croniter/,3
1827,https://pypi.org/project/cssselect2/,1
1828,https://pypi.org/project/cssutils/,1
1829,https://pypi.org/project/datadog/,1
1830,https://pypi.org/project/ddt/,1
1831,https://pypi.org/project/debtcollector/,1
1832,https://pypi.org/project/dictdiffer/,3
1833,https://pypi.org/project/dicttoxml/,1
1834,https://pypi.org/project/dj-database-url/,1
1835,https://pypi.org/project/django-appconf/,1
1836,https://pypi.org/project/django-debug-toolbar/,1
1837,https://pypi.org/project/django-environ/,2
1838,https://pypi.org/project/django-tables2/,1
1839,https://pypi.org/project/docker-py/,2
1840,https://pypi.org/project/ecdsa/,1
1841,https://pypi.org/project/elasticsearch-dsl/,1
1842,https://pypi.org/project/enum/,1
1843,https://pypi.org/project/enum34/,1
1844,https://pypi.org/project/execnet/,2
1845,https://pypi.org/project/extras/,1
1846,https://pypi.org/project/fastavro/,1
1847,https://pypi.org/project/findspark/,1
1848,https://pypi.org/project/first/,1
1849,https://pypi.org/project/funcsigs/,2
1850,https://pypi.org/project/functools32/,1
1851,https://pypi.org/project/gapic-google-cloud-error-reporting-v1beta1/,1
1852,https://pypi.org/project/gcloud/,2
1853,https://pypi.org/project/geographiclib/,1
1854,https://pypi.org/project/geoip2/,1
1855,https://pypi.org/project/geopy/,5
1856,https://pypi.org/project/gitdb/,1
1857,https://pypi.org/project/glob2/,1
1858,https://pypi.org/project/google-api-core/,1
1859,https://pypi.org/project/google-auth-httplib2/,1
1860,https://pypi.org/project/google-auth-oauthlib/,1
1861,https://pypi.org/project/google-cloud-core/,2
1862,https://pypi.org/project/google-cloud-dataflow/,1
1863,https://pypi.org/project/google-cloud-dns/,2
1864,https://pypi.org/project/google-cloud-firestore/,1
1865,https://pypi.org/project/google-cloud-language/,2
1866,https://pypi.org/project/google-cloud-resource-manager/,2
1867,https://pypi.org/project/google-cloud-spanner/,2
1868,https://pypi.org/project/google-cloud-speech/,3
1869,https://pypi.org/project/google-compute-engine/,1
1870,https://pypi.org/project/google-resumable-media/,2
1871,https://pypi.org/project/google/,1
1872,https://pypi.org/project/googleads/,3
1873,https://pypi.org/project/googlemaps/,2
1874,https://pypi.org/project/greenlet/,4
1875,https://pypi.org/project/grpc-google-iam-v1/,1
1876,https://pypi.org/project/grpcio/,2
1877,https://pypi.org/project/gunicorn/,1
1878,https://pypi.org/project/hiredis/,2
1879,https://pypi.org/project/html2text/,3
1880,https://pypi.org/project/html5lib/,1
1881,https://pypi.org/project/httpretty/,1
1882,https://pypi.org/project/humanfriendly/,1
1883,https://pypi.org/project/hvac/,1
1884,https://pypi.org/project/hyperlink/,1
1885,https://pypi.org/project/idna_ssl/,1
1886,https://pypi.org/project/ijson/,2
1887,https://pypi.org/project/imagesize/,1
1888,https://pypi.org/project/inflect/,2
1889,https://pypi.org/project/inflection/,1
1890,https://pypi.org/project/ipdb/,1
1891,https://pypi.org/project/ipython_genutils/,1
1892,https://pypi.org/project/ipywidgets/,1
1893,https://pypi.org/project/isodate/,1
1894,https://pypi.org/project/isort/,1
1895,https://pypi.org/project/itsdangerous/,1
1896,https://pypi.org/project/itypes/,1
1897,https://pypi.org/project/jeepney/,1
1898,https://pypi.org/project/jinja2-time/,1
1899,https://pypi.org/project/joblib/,2
1900,https://pypi.org/project/jsonpatch/,1
1901,https://pypi.org/project/jsonpickle/,3
1902,https://pypi.org/project/jupyter_console/,1
1903,https://pypi.org/project/jws/,2
1904,https://pypi.org/project/kafka-python/,2
1905,https://pypi.org/project/kazoo/,3
1906,https://pypi.org/project/keystoneauth1/,1
1907,https://pypi.org/project/kiwisolver/,1
1908,https://pypi.org/project/kubernetes/,1
1909,https://pypi.org/project/lazy-object-proxy/,1
1910,https://pypi.org/project/ldap3/,1
1911,https://pypi.org/project/livereload/,2
1912,https://pypi.org/project/lockfile/,2
1913,https://pypi.org/project/lunardate/,1
1914,https://pypi.org/project/macholib/,2
1915,https://pypi.org/project/manhole/,1
1916,https://pypi.org/project/matplotlib/,4
1917,https://pypi.org/project/maxminddb/,2
1918,https://pypi.org/project/meld3/,2
1919,https://pypi.org/project/mistune/,1
1920,https://pypi.org/project/mock/,3
1921,https://pypi.org/project/mpmath/,1
1922,https://pypi.org/project/msgpack-python/,1
1923,https://pypi.org/project/msrest/,1
1924,https://pypi.org/project/msrestazure/,2
1925,https://pypi.org/project/multidict/,1
1926,https://pypi.org/project/mypy/,2
1927,https://pypi.org/project/newrelic/,1
1928,https://pypi.org/project/nodeenv/,1
1929,https://pypi.org/project/ntlm-auth/,1
1930,https://pypi.org/project/numpy/,2
1931,https://pypi.org/project/nvidia-ml-py/,1
1932,https://pypi.org/project/openapi-codec/,1
1933,https://pypi.org/project/openstacksdk/,1
1934,https://pypi.org/project/os-client-config/,1
1935,https://pypi.org/project/os-service-types/,1
1936,https://pypi.org/project/osc-lib/,1
1937,https://pypi.org/project/oslo.i18n/,1
1938,https://pypi.org/project/oslo.log/,1
1939,https://pypi.org/project/oslo.serialization/,1
1940,https://pypi.org/project/packaging/,2
1941,https://pypi.org/project/paho-mqtt/,1
1942,https://pypi.org/project/paramiko/,3
1943,https://pypi.org/project/parso/,1
1944,https://pypi.org/project/passlib/,1
1945,https://pypi.org/project/pastel/,1
1946,https://pypi.org/project/pathlib/,1
1947,https://pypi.org/project/pathspec/,1
1948,https://pypi.org/project/patsy/,2
1949,https://pypi.org/project/pefile/,1
1950,https://pypi.org/project/pep8/,3
1951,https://pypi.org/project/pexpect/,2
1952,https://pypi.org/project/pg8000/,1
1953,https://pypi.org/project/pip-tools/,3
1954,https://pypi.org/project/pkginfo/,1
1955,https://pypi.org/project/plotly/,1
1956,https://pypi.org/project/pluggy/,2
1957,https://pypi.org/project/ply/,1
1958,https://pypi.org/project/portalocker/,2
1959,https://pypi.org/project/poyo/,1
1960,https://pypi.org/project/preshed/,2
1961,https://pypi.org/project/progressbar2/,4
1962,https://pypi.org/project/prompt_toolkit/,1
1963,https://pypi.org/project/proto-google-cloud-datastore-v1/,1
1964,https://pypi.org/project/proto-google-cloud-error-reporting-v1beta1/,1
1965,https://pypi.org/project/psycopg2/,1
1966,https://pypi.org/project/ptyprocess/,1
1967,https://pypi.org/project/py4j/,2
1968,https://pypi.org/project/pyaml/,1
1969,https://pypi.org/project/pyasn1-modules/,3
1970,https://pypi.org/project/pycares/,1
1971,https://pypi.org/project/pycodestyle/,1
1972,https://pypi.org/project/pycparser/,1
1973,https://pypi.org/project/pycrypto/,2
1974,https://pypi.org/project/pycurl/,2
1975,https://pypi.org/project/pydocumentdb/,2
1976,https://pypi.org/project/pyinotify/,1
1977,https://pypi.org/project/pylint/,3
1978,https://pypi.org/project/pyodbc/,1
1979,https://pypi.org/project/pyparsing/,1
1980,https://pypi.org/project/pyperclip/,2
1981,https://pypi.org/project/pypiwin32/,1
1982,https://pypi.org/project/pypng/,1
1983,https://pypi.org/project/pyproj/,1
1984,https://pypi.org/project/pystache/,3
1985,https://pypi.org/project/pytest-forked/,1
1986,https://pypi.org/project/pytest-instafail/,1
1987,https://pypi.org/project/pytest-metadata/,1
1988,https://pypi.org/project/python-Levenshtein/,2
1989,https://pypi.org/project/python-daemon/,1
1990,https://pypi.org/project/python-glanceclient/,2
1991,https://pypi.org/project/python-jose/,1
1992,https://pypi.org/project/python-magic/,1
1993,https://pypi.org/project/python-memcached/,2
1994,https://pypi.org/project/python-slugify/,1
1995,https://pypi.org/project/python-swiftclient/,2
1996,https://pypi.org/project/python_jwt/,1
1997,https://pypi.org/project/pythonwhois/,1
1998,https://pypi.org/project/pytz/,1
1999,https://pypi.org/project/pytzdata/,1
2000,https://pypi.org/project/pyxdg/,2
2001,https://pypi.org/project/qds_sdk/,1
2002,https://pypi.org/project/qrcode/,1
2003,https://pypi.org/project/qtconsole/,1
2004,https://pypi.org/project/queuelib/,1
2005,https://pypi.org/project/recommonmark/,1
2006,https://pypi.org/project/reportlab/,3
2007,https://pypi.org/project/repoze.lru/,1
2008,https://pypi.org/project/requests-file/,1
2009,https://pypi.org/project/requests-futures/,1
2010,https://pypi.org/project/requests-oauthlib/,1
2011,https://pypi.org/project/requests-toolbelt/,2
2012,https://pypi.org/project/requestsexceptions/,1
2013,https://pypi.org/project/responses/,1
2014,https://pypi.org/project/rfc3986/,2
2015,https://pypi.org/project/rfc3987/,3
2016,https://pypi.org/project/rq/,1
2017,https://pypi.org/project/rsa/,2
2018,https://pypi.org/project/s2sphere/,1
2019,https://pypi.org/project/s3cmd/,3
2020,https://pypi.org/project/salesforce-bulk/,1
2021,https://pypi.org/project/scandir/,1
2022,https://pypi.org/project/schedule/,1
2023,https://pypi.org/project/schema/,1
2024,https://pypi.org/project/scikit-image/,1
2025,https://pypi.org/project/scikit-learn/,2
2026,https://pypi.org/project/scipy/,2
2027,https://pypi.org/project/scp/,1
2028,https://pypi.org/project/semver/,3
2029,https://pypi.org/project/sendgrid/,4
2030,https://pypi.org/project/sh/,1
2031,https://pypi.org/project/simple-salesforce/,2
2032,https://pypi.org/project/simpleflock/,1
2033,https://pypi.org/project/simplegeneric/,1
2034,https://pypi.org/project/six/,1
2035,https://pypi.org/project/slacker/,1
2036,https://pypi.org/project/smmap2/,1
2037,https://pypi.org/project/snowballstemmer/,1
2038,https://pypi.org/project/snowflake-connector-python/,1
2039,https://pypi.org/project/social-auth-app-django/,1
2040,https://pypi.org/project/sortedcontainers/,1
2041,https://pypi.org/project/spacy/,4
2042,https://pypi.org/project/spark-sklearn/,1
2043,https://pypi.org/project/statistics/,1
2044,https://pypi.org/project/strict-rfc3339/,1
2045,https://pypi.org/project/supervisor/,2
2046,https://pypi.org/project/tensorflow-transform/,1
2047,https://pypi.org/project/termcolor/,1
2048,https://pypi.org/project/terminado/,2
2049,https://pypi.org/project/testfixtures/,1
2050,https://pypi.org/project/testpath/,2
2051,https://pypi.org/project/text-unidecode/,1
2052,https://pypi.org/project/texttable/,2
2053,https://pypi.org/project/toolz/,1
2054,https://pypi.org/project/torchvision/,1
2055,https://pypi.org/project/tqdm/,2
2056,https://pypi.org/project/traceback2/,1
2057,https://pypi.org/project/translationstring/,3
2058,https://pypi.org/project/troposphere/,1
2059,https://pypi.org/project/trueskill/,2
2060,https://pypi.org/project/twilio/,1
2061,https://pypi.org/project/uWSGI/,1
2062,https://pypi.org/project/ua-parser/,1
2063,https://pypi.org/project/ujson/,1
2064,https://pypi.org/project/uptime/,1
2065,https://pypi.org/project/uvloop/,2
2066,https://pypi.org/project/vine/,2
2067,https://pypi.org/project/virtualenv-clone/,1
2068,https://pypi.org/project/virtualenv/,2
2069,https://pypi.org/project/w3lib/,1
2070,https://pypi.org/project/waitress/,2
2071,https://pypi.org/project/watchdog/,2
2072,https://pypi.org/project/watchtower/,1
2073,https://pypi.org/project/webapp2/,2
2074,https://pypi.org/project/websockets/,1
2075,https://pypi.org/project/wrapt/,1
2076,https://pypi.org/project/xgboost/,2
2077,https://pypi.org/project/xlrd/,1
2078,https://pypi.org/project/xlwt/,1
2079,https://pypi.org/project/yamllint/,1
2080,https://pypi.org/project/youtube_dl/,2
2081,https://pypi.org/project/zc.lockfile/,2
2082,https://pypi.org/project/zope.component/,3
2083,https://pypi.org/project/zope.deprecation/,2
2084,https://pypi.org/project/zope.interface/,3
2085,,79936
