,url,rev_count
0,deb://Debian/packages/accerciser,358
1,deb://Debian/packages/alacarte,347
2,deb://Debian/packages/anki,192
3,deb://Debian/packages/ansible,496
4,deb://Debian/packages/apt-listchanges,337
5,deb://Debian/packages/aptfs,64
6,deb://Debian/packages/aqemu,129
7,deb://Debian/packages/ardentryst,67
8,deb://Debian/packages/ariba,383
9,deb://Debian/packages/asciidoc,377
10,deb://Debian/packages/asciinema,333
11,deb://Debian/packages/autojump,64
12,deb://Debian/packages/autopkgtest,558
13,deb://Debian/packages/bdii,209
14,deb://Debian/packages/beets,314
15,deb://Debian/packages/bibus,276
16,deb://Debian/packages/bkchem,308
17,deb://Debian/packages/bleachbit,167
18,deb://Debian/packages/bmap-tools,215
19,deb://Debian/packages/bomstrip,283
20,deb://Debian/packages/bouncy,66
21,deb://Debian/packages/bpython,239
22,deb://Debian/packages/bugz,118
23,deb://Debian/packages/buildbot,264
24,deb://Debian/packages/bzr,953
25,deb://Debian/packages/bzr-email,76
26,deb://Debian/packages/bzr-stats,76
27,deb://Debian/packages/bzr-upload,76
28,deb://Debian/packages/bzrtools,76
29,deb://Debian/packages/calibre,620
30,deb://Debian/packages/cappuccino,521
31,deb://Debian/packages/catfish,230
32,deb://Debian/packages/cedar-backup2,406
33,deb://Debian/packages/cedar-backup3,406
34,deb://Debian/packages/cherrytree,153
35,deb://Debian/packages/childsplay,98
36,deb://Debian/packages/circlator,376
37,deb://Debian/packages/clipf,257
38,deb://Debian/packages/cloudprint,402
39,deb://Debian/packages/codespell,195
40,deb://Debian/packages/comitup,407
41,deb://Debian/packages/congruity,80
42,deb://Debian/packages/convertall,124
43,deb://Debian/packages/cplay,122
44,deb://Debian/packages/cssmin,211
45,deb://Debian/packages/cura,350
46,deb://Debian/packages/cvs2svn,379
47,deb://Debian/packages/cwltool,341
48,deb://Debian/packages/cycle,258
49,deb://Debian/packages/cython,416
50,deb://Debian/packages/d-feet,387
51,deb://Debian/packages/debdelta,129
52,deb://Debian/packages/debian-goodies,402
53,deb://Debian/packages/debomatic,303
54,deb://Debian/packages/debootstrap,573
55,deb://Debian/packages/debtags,312
56,deb://Debian/packages/deheader,99
57,deb://Debian/packages/designate,369
58,deb://Debian/packages/dh-python,201
59,deb://Debian/packages/diffoscope,496
60,deb://Debian/packages/django-testscenarios,507
61,deb://Debian/packages/djvusmooth,197
62,deb://Debian/packages/doclifter,68
63,deb://Debian/packages/dput,217
64,deb://Debian/packages/dtc-xen,239
65,deb://Debian/packages/duplicity,323
66,deb://Debian/packages/editmoin,93
67,deb://Debian/packages/electrum,495
68,deb://Debian/packages/enjarify,157
69,deb://Debian/packages/eog-plugins,360
70,deb://Debian/packages/eric,381
71,deb://Debian/packages/expeyes,545
72,deb://Debian/packages/eyed3,408
73,deb://Debian/packages/fail2ban,278
74,deb://Debian/packages/fastaq,372
75,deb://Debian/packages/fiona,451
76,deb://Debian/packages/fonttools,402
77,deb://Debian/packages/fontypython,287
78,deb://Debian/packages/frescobaldi,93
79,deb://Debian/packages/fslint,108
80,deb://Debian/packages/gajim,587
81,deb://Debian/packages/galileo,408
82,deb://Debian/packages/galternatives,263
83,deb://Debian/packages/gambc,159
84,deb://Debian/packages/game-data-packager,369
85,deb://Debian/packages/ganeti-instance-debootstrap,212
86,deb://Debian/packages/ganyremote,251
87,deb://Debian/packages/gaupol,404
88,deb://Debian/packages/gausssum,89
89,deb://Debian/packages/gcp,234
90,deb://Debian/packages/gdebi,293
91,deb://Debian/packages/geophar,183
92,deb://Debian/packages/getmail,346
93,deb://Debian/packages/gimp-plugin-registry,114
94,deb://Debian/packages/gjots2,85
95,deb://Debian/packages/glance,377
96,deb://Debian/packages/glances,359
97,deb://Debian/packages/gnome-boxes,385
98,deb://Debian/packages/gnome-gmail,377
99,deb://Debian/packages/gnome-mousetrap,309
100,deb://Debian/packages/gnome-music,378
101,deb://Debian/packages/gnome-sudoku,378
102,deb://Debian/packages/gnumed-client,423
103,deb://Debian/packages/goobook,213
104,deb://Debian/packages/goopg,350
105,deb://Debian/packages/gourmet,313
106,deb://Debian/packages/gpodder,269
107,deb://Debian/packages/gramps,447
108,deb://Debian/packages/grass,424
109,deb://Debian/packages/grc,95
110,deb://Debian/packages/gtimelog,108
111,deb://Debian/packages/heartbeat,314
112,deb://Debian/packages/hplip,521
113,deb://Debian/packages/i18nspector,157
114,deb://Debian/packages/ibus-anthy,388
115,deb://Debian/packages/ibus-hangul,354
116,deb://Debian/packages/ibus-skk,49
117,deb://Debian/packages/icdiff,357
118,deb://Debian/packages/imposm,19
119,deb://Debian/packages/impressive,345
120,deb://Debian/packages/inosync,219
121,deb://Debian/packages/iotop,99
122,deb://Debian/packages/isenkram,168
123,deb://Debian/packages/isoquery,281
124,deb://Debian/packages/isrcsubmit,112
125,deb://Debian/packages/itstool,403
126,deb://Debian/packages/iva,262
127,deb://Debian/packages/jupyter-notebook,405
128,deb://Debian/packages/kanyremote,251
129,deb://Debian/packages/keystone,411
130,deb://Debian/packages/khmer,266
131,deb://Debian/packages/klaus,39
132,deb://Debian/packages/kupfer,3
133,deb://Debian/packages/lava-tool,303
134,deb://Debian/packages/lavacli,314
135,deb://Debian/packages/lazygal,88
136,deb://Debian/packages/ldtp,395
137,deb://Debian/packages/lilypond,500
138,deb://Debian/packages/linkchecker,409
139,deb://Debian/packages/loook,415
140,deb://Debian/packages/lxc,451
141,deb://Debian/packages/mailman,563
142,deb://Debian/packages/mandos,243
143,deb://Debian/packages/mapproxy,662
144,deb://Debian/packages/matrix-synapse,155
145,deb://Debian/packages/meld,353
146,deb://Debian/packages/mercurial,464
147,deb://Debian/packages/meson,371
148,deb://Debian/packages/mgltools-utpackages,321
149,deb://Debian/packages/mnemosyne,76
150,deb://Debian/packages/mobyle,350
151,deb://Debian/packages/mopidy,93
152,deb://Debian/packages/mpd-sima,93
153,deb://Debian/packages/mpdris2,360
154,deb://Debian/packages/nagstamon,394
155,deb://Debian/packages/nfoview,316
156,deb://Debian/packages/nik4,381
157,deb://Debian/packages/nvidia-cg-toolkit,407
158,deb://Debian/packages/ocrodjvu,195
159,deb://Debian/packages/offlineimap,341
160,deb://Debian/packages/oneisenough,89
161,deb://Debian/packages/onioncircuits,157
162,deb://Debian/packages/open-vm-tools,570
163,deb://Debian/packages/opendict,375
164,deb://Debian/packages/opgpcard,64
165,deb://Debian/packages/osc,404
166,deb://Debian/packages/packagekit,230
167,deb://Debian/packages/pagekite,151
168,deb://Debian/packages/painintheapt,243
169,deb://Debian/packages/pastebinit,120
170,deb://Debian/packages/pathological,64
171,deb://Debian/packages/pdfposter,8
172,deb://Debian/packages/pgloader,57
173,deb://Debian/packages/pitivi,147
174,deb://Debian/packages/piuparts,551
175,deb://Debian/packages/pius,34
176,deb://Debian/packages/plasmidomics,406
177,deb://Debian/packages/playitslowly,64
178,deb://Debian/packages/pondus,168
179,deb://Debian/packages/postnews,325
180,deb://Debian/packages/pybik,45
181,deb://Debian/packages/pyblosxom,1
182,deb://Debian/packages/pychecker,406
183,deb://Debian/packages/pycode-browser,406
184,deb://Debian/packages/pycsw,144
185,deb://Debian/packages/pyflakes,364
186,deb://Debian/packages/pylint,364
187,deb://Debian/packages/pymol,99
188,deb://Debian/packages/pyosmium,235
189,deb://Debian/packages/pypy,299
190,deb://Debian/packages/pyro,275
191,deb://Debian/packages/python-aalib,225
192,deb://Debian/packages/python-affine,171
193,deb://Debian/packages/python-amqp,412
194,deb://Debian/packages/python-aodhclient,229
195,deb://Debian/packages/python-apt,208
196,deb://Debian/packages/python-autobahn,219
197,deb://Debian/packages/python-automaton,226
198,deb://Debian/packages/python-barbicanclient,229
199,deb://Debian/packages/python-bashate,403
200,deb://Debian/packages/python-biopython,574
201,deb://Debian/packages/python-castellan,227
202,deb://Debian/packages/python-ceilometerclient,408
203,deb://Debian/packages/python-ceilometermiddleware,227
204,deb://Debian/packages/python-cinderclient,229
205,deb://Debian/packages/python-click-plugins,8
206,deb://Debian/packages/python-cliff,205
207,deb://Debian/packages/python-cligj,8
208,deb://Debian/packages/python-cogent,64
209,deb://Debian/packages/python-concurrent.futures,373
210,deb://Debian/packages/python-congressclient,229
211,deb://Debian/packages/python-coverage,286
212,deb://Debian/packages/python-cpl,2
213,deb://Debian/packages/python-crcmod,71
214,deb://Debian/packages/python-crypto,472
215,deb://Debian/packages/python-csb,406
216,deb://Debian/packages/python-daemon,211
217,deb://Debian/packages/python-daemonize,145
218,deb://Debian/packages/python-ddt,206
219,deb://Debian/packages/python-debian,233
220,deb://Debian/packages/python-debianbts,231
221,deb://Debian/packages/python-debtcollector,206
222,deb://Debian/packages/python-decorator,67
223,deb://Debian/packages/python-descartes,8
224,deb://Debian/packages/python-designateclient,215
225,deb://Debian/packages/python-dib-utils,145
226,deb://Debian/packages/python-diff-match-patch,194
227,deb://Debian/packages/python-diskimage-builder,221
228,deb://Debian/packages/python-django,860
229,deb://Debian/packages/python-django-appconf,406
230,deb://Debian/packages/python-django-babel,205
231,deb://Debian/packages/python-django-compressor,397
232,deb://Debian/packages/python-django-pyscss,407
233,deb://Debian/packages/python-dns,159
234,deb://Debian/packages/python-doc8,89
235,deb://Debian/packages/python-docutils,312
236,deb://Debian/packages/python-dogpile.cache,50
237,deb://Debian/packages/python-dsv,343
238,deb://Debian/packages/python-editor,254
239,deb://Debian/packages/python-eventlet,563
240,deb://Debian/packages/python-extras,145
241,deb://Debian/packages/python-fastimport,121
242,deb://Debian/packages/python-fitbit,408
243,deb://Debian/packages/python-formencode,2
244,deb://Debian/packages/python-funcsigs,211
245,deb://Debian/packages/python-fuse,233
246,deb://Debian/packages/python-futurist,230
247,deb://Debian/packages/python-gabbi,222
248,deb://Debian/packages/python-gammu,530
249,deb://Debian/packages/python-gear,406
250,deb://Debian/packages/python-geojson,64
251,deb://Debian/packages/python-geopandas,33
252,deb://Debian/packages/python-git,282
253,deb://Debian/packages/python-glance-store,226
254,deb://Debian/packages/python-glanceclient,215
255,deb://Debian/packages/python-gnocchiclient,227
256,deb://Debian/packages/python-hacking,485
257,deb://Debian/packages/python-heatclient,228
258,deb://Debian/packages/python-hplefthandclient,145
259,deb://Debian/packages/python-html2text,225
260,deb://Debian/packages/python-hurry.filesize,145
261,deb://Debian/packages/python-ironic-inspector-client,228
262,deb://Debian/packages/python-ironic-lib,227
263,deb://Debian/packages/python-ironicclient,219
264,deb://Debian/packages/python-jenkins,215
265,deb://Debian/packages/python-jsonpath-rw,145
266,deb://Debian/packages/python-jsonpath-rw-ext,206
267,deb://Debian/packages/python-jsonrpclib,332
268,deb://Debian/packages/python-jsonschema,406
269,deb://Debian/packages/python-kafka,402
270,deb://Debian/packages/python-keyczar,225
271,deb://Debian/packages/python-keyring,353
272,deb://Debian/packages/python-keystoneauth1,229
273,deb://Debian/packages/python-keystoneclient,229
274,deb://Debian/packages/python-keystonemiddleware,206
275,deb://Debian/packages/python-l20n,223
276,deb://Debian/packages/python-launchpadlib,196
277,deb://Debian/packages/python-ldap,516
278,deb://Debian/packages/python-ldappool,205
279,deb://Debian/packages/python-lesscpy,172
280,deb://Debian/packages/python-magic,275
281,deb://Debian/packages/python-magnumclient,266
282,deb://Debian/packages/python-manilaclient,227
283,deb://Debian/packages/python-mapnik,380
284,deb://Debian/packages/python-mistralclient,215
285,deb://Debian/packages/python-mox3,205
286,deb://Debian/packages/python-mpd,215
287,deb://Debian/packages/python-mpop,204
288,deb://Debian/packages/python-muranoclient,227
289,deb://Debian/packages/python-neovim,218
290,deb://Debian/packages/python-networkx,64
291,deb://Debian/packages/python-neutron-lib,227
292,deb://Debian/packages/python-neutronclient,227
293,deb://Debian/packages/python-nose-exclude,204
294,deb://Debian/packages/python-nose-testconfig,109
295,deb://Debian/packages/python-novaclient,263
296,deb://Debian/packages/python-numpy,432
297,deb://Debian/packages/python-oauth2client,145
298,deb://Debian/packages/python-odf,296
299,deb://Debian/packages/python-openstackclient,263
300,deb://Debian/packages/python-openstackdocstheme,252
301,deb://Debian/packages/python-openstacksdk,228
302,deb://Debian/packages/python-os-brick,226
303,deb://Debian/packages/python-os-client-config,412
304,deb://Debian/packages/python-os-testr,406
305,deb://Debian/packages/python-os-win,227
306,deb://Debian/packages/python-osd,181
307,deb://Debian/packages/python-oslo.cache,225
308,deb://Debian/packages/python-oslo.concurrency,230
309,deb://Debian/packages/python-oslo.config,230
310,deb://Debian/packages/python-oslo.context,230
311,deb://Debian/packages/python-oslo.db,307
312,deb://Debian/packages/python-oslo.i18n,230
313,deb://Debian/packages/python-oslo.log,291
314,deb://Debian/packages/python-oslo.messaging,375
315,deb://Debian/packages/python-oslo.middleware,230
316,deb://Debian/packages/python-oslo.policy,230
317,deb://Debian/packages/python-oslo.privsep,230
318,deb://Debian/packages/python-oslo.reports,230
319,deb://Debian/packages/python-oslo.rootwrap,230
320,deb://Debian/packages/python-oslo.serialization,276
321,deb://Debian/packages/python-oslo.service,230
322,deb://Debian/packages/python-oslo.utils,230
323,deb://Debian/packages/python-oslo.versionedobjects,230
324,deb://Debian/packages/python-oslo.vmware,230
325,deb://Debian/packages/python-oslotest,230
326,deb://Debian/packages/python-osmapi,24
327,deb://Debian/packages/python-osprofiler,412
328,deb://Debian/packages/python-pbr,406
329,deb://Debian/packages/python-pdal,131
330,deb://Debian/packages/python-pecan,281
331,deb://Debian/packages/python-pint,119
332,deb://Debian/packages/python-pip,99
333,deb://Debian/packages/python-posix-ipc,145
334,deb://Debian/packages/python-proboscis,403
335,deb://Debian/packages/python-proliantutils,165
336,deb://Debian/packages/python-pulp,406
337,deb://Debian/packages/python-pycadf,227
338,deb://Debian/packages/python-pyeclib,73
339,deb://Debian/packages/python-pyghmi,220
340,deb://Debian/packages/python-pygit2,500
341,deb://Debian/packages/python-pykmip,218
342,deb://Debian/packages/python-pymysql,215
343,deb://Debian/packages/python-pyngus,125
344,deb://Debian/packages/python-pyproj,58
345,deb://Debian/packages/python-pysaml2,167
346,deb://Debian/packages/python-pysnmp4,313
347,deb://Debian/packages/python-reno,406
348,deb://Debian/packages/python-reportlab,22
349,deb://Debian/packages/python-requests-kerberos,410
350,deb://Debian/packages/python-requests-mock,403
351,deb://Debian/packages/python-requestsexceptions,410
352,deb://Debian/packages/python-retrying,145
353,deb://Debian/packages/python-roman,279
354,deb://Debian/packages/python-rtree,24
355,deb://Debian/packages/python-saharaclient,227
356,deb://Debian/packages/python-scciclient,222
357,deb://Debian/packages/python-scipy,341
358,deb://Debian/packages/python-semver,145
359,deb://Debian/packages/python-senlinclient,227
360,deb://Debian/packages/python-setuptools,407
361,deb://Debian/packages/python-shapely,475
362,deb://Debian/packages/python-snuggs,64
363,deb://Debian/packages/python-sphinxcontrib.plantuml,408
364,deb://Debian/packages/python-sqlalchemy-utils,401
365,deb://Debian/packages/python-stdnum,311
366,deb://Debian/packages/python-stetl,604
367,deb://Debian/packages/python-stringtemplate3,231
368,deb://Debian/packages/python-sure,145
369,deb://Debian/packages/python-swiftclient,393
370,deb://Debian/packages/python-systemd,161
371,deb://Debian/packages/python-tablib,79
372,deb://Debian/packages/python-taskflow,225
373,deb://Debian/packages/python-termcolor,145
374,deb://Debian/packages/python-termstyle,145
375,deb://Debian/packages/python-testtools,458
376,deb://Debian/packages/python-textile,390
377,deb://Debian/packages/python-toml,233
378,deb://Debian/packages/python-tooz,406
379,deb://Debian/packages/python-traceback2,109
380,deb://Debian/packages/python-troveclient,227
381,deb://Debian/packages/python-txaio,408
382,deb://Debian/packages/python-tz,237
383,deb://Debian/packages/python-virtualenv,137
384,deb://Debian/packages/python-vobject,64
385,deb://Debian/packages/python-wadllib,21
386,deb://Debian/packages/python-warlock,228
387,deb://Debian/packages/python-weakrefmethod,235
388,deb://Debian/packages/python-webob,412
389,deb://Debian/packages/python-werkzeug,364
390,deb://Debian/packages/python-wsgi-intercept,408
391,deb://Debian/packages/python-wsme,109
392,deb://Debian/packages/python-xattr,219
393,deb://Debian/packages/python-xlib,389
394,deb://Debian/packages/python-xstatic,146
395,deb://Debian/packages/python-xstatic-angular,410
396,deb://Debian/packages/python-xstatic-angular-bootstrap,145
397,deb://Debian/packages/python-xstatic-angular-gettext,406
398,deb://Debian/packages/python-xstatic-angular-lrdragndrop,145
399,deb://Debian/packages/python-xstatic-bootstrap-datepicker,146
400,deb://Debian/packages/python-xstatic-bootstrap-scss,410
401,deb://Debian/packages/python-xstatic-bootswatch,408
402,deb://Debian/packages/python-xstatic-d3,408
403,deb://Debian/packages/python-xstatic-font-awesome,410
404,deb://Debian/packages/python-xstatic-hogan,145
405,deb://Debian/packages/python-xstatic-jasmine,406
406,deb://Debian/packages/python-xstatic-jquery,217
407,deb://Debian/packages/python-xstatic-jquery-migrate,145
408,deb://Debian/packages/python-xstatic-jquery-ui,410
409,deb://Debian/packages/python-xstatic-jquery.quicksearch,145
410,deb://Debian/packages/python-xstatic-jquery.tablesorter,145
411,deb://Debian/packages/python-xstatic-jsencrypt,406
412,deb://Debian/packages/python-xstatic-magic-search,145
413,deb://Debian/packages/python-xstatic-mdi,145
414,deb://Debian/packages/python-xstatic-qunit,145
415,deb://Debian/packages/python-xstatic-rickshaw,145
416,deb://Debian/packages/python-xstatic-roboto-fontface,406
417,deb://Debian/packages/python-xstatic-smart-table,408
418,deb://Debian/packages/python-xstatic-spin,145
419,deb://Debian/packages/python-xstatic-term.js,412
420,deb://Debian/packages/python-xvfbwrapper,281
421,deb://Debian/packages/python-yaql,227
422,deb://Debian/packages/python-zake,171
423,deb://Debian/packages/python-zaqarclient,227
424,deb://Debian/packages/python3-proselint,42
425,deb://Debian/packages/pywps,104
426,deb://Debian/packages/qbzr,76
427,deb://Debian/packages/qemu,338
428,deb://Debian/packages/quodlibet,64
429,deb://Debian/packages/radicale,162
430,deb://Debian/packages/rapid-photo-downloader,280
431,deb://Debian/packages/rasterio,51
432,deb://Debian/packages/relational,94
433,deb://Debian/packages/renpy,456
434,deb://Debian/packages/reportbug,472
435,deb://Debian/packages/retext,64
436,deb://Debian/packages/rhinote,222
437,deb://Debian/packages/rubber,85
438,deb://Debian/packages/s3cmd,66
439,deb://Debian/packages/sabnzbdplus,307
440,deb://Debian/packages/sagemath,505
441,deb://Debian/packages/sahara,291
442,deb://Debian/packages/schroot,64
443,deb://Debian/packages/scons,353
444,deb://Debian/packages/seahorse-adventures,1
445,deb://Debian/packages/shoogle,396
446,deb://Debian/packages/snowballz,345
447,deb://Debian/packages/solfege,236
448,deb://Debian/packages/sonata,214
449,deb://Debian/packages/soundconverter,138
450,deb://Debian/packages/spades,349
451,deb://Debian/packages/spambayes,8
452,deb://Debian/packages/spyder,208
453,deb://Debian/packages/ssake,229
454,deb://Debian/packages/streamtuner2,259
455,deb://Debian/packages/subunit,509
456,deb://Debian/packages/subversion,482
457,deb://Debian/packages/supybot,78
458,deb://Debian/packages/svn-workbench,310
459,deb://Debian/packages/swauth,792
460,deb://Debian/packages/swift,451
461,deb://Debian/packages/swift-bench,364
462,deb://Debian/packages/taskcoach,106
463,deb://Debian/packages/tempest,403
464,deb://Debian/packages/terminator,54
465,deb://Debian/packages/testrepository,145
466,deb://Debian/packages/thuban,21
467,deb://Debian/packages/tilecache,3
468,deb://Debian/packages/tilestache,20
469,deb://Debian/packages/tortoisehg,242
470,deb://Debian/packages/totalopenstation,129
471,deb://Debian/packages/trac,198
472,deb://Debian/packages/translate-toolkit,316
473,deb://Debian/packages/treeline,64
474,deb://Debian/packages/tryton-client,356
475,deb://Debian/packages/tryton-modules-account,409
476,deb://Debian/packages/tryton-modules-account-asset,406
477,deb://Debian/packages/tryton-modules-account-be,407
478,deb://Debian/packages/tryton-modules-account-credit-limit,406
479,deb://Debian/packages/tryton-modules-account-de-skr03,409
480,deb://Debian/packages/tryton-modules-account-deposit,411
481,deb://Debian/packages/tryton-modules-account-dunning,406
482,deb://Debian/packages/tryton-modules-account-dunning-letter,410
483,deb://Debian/packages/tryton-modules-account-fr,408
484,deb://Debian/packages/tryton-modules-account-invoice,310
485,deb://Debian/packages/tryton-modules-account-invoice-history,408
486,deb://Debian/packages/tryton-modules-account-invoice-line-standalone,408
487,deb://Debian/packages/tryton-modules-account-invoice-stock,412
488,deb://Debian/packages/tryton-modules-account-payment,410
489,deb://Debian/packages/tryton-modules-account-payment-clearing,406
490,deb://Debian/packages/tryton-modules-account-payment-sepa,408
491,deb://Debian/packages/tryton-modules-account-payment-sepa-cfonb,409
492,deb://Debian/packages/tryton-modules-account-product,406
493,deb://Debian/packages/tryton-modules-account-statement,409
494,deb://Debian/packages/tryton-modules-account-stock-anglo-saxon,408
495,deb://Debian/packages/tryton-modules-account-stock-continental,409
496,deb://Debian/packages/tryton-modules-account-stock-landed-cost,410
497,deb://Debian/packages/tryton-modules-account-stock-landed-cost-weight,410
498,deb://Debian/packages/tryton-modules-account-tax-rule-country,409
499,deb://Debian/packages/tryton-modules-analytic-account,406
500,deb://Debian/packages/tryton-modules-analytic-invoice,410
501,deb://Debian/packages/tryton-modules-analytic-purchase,410
502,deb://Debian/packages/tryton-modules-analytic-sale,410
503,deb://Debian/packages/tryton-modules-bank,412
504,deb://Debian/packages/tryton-modules-carrier,407
505,deb://Debian/packages/tryton-modules-carrier-percentage,411
506,deb://Debian/packages/tryton-modules-carrier-weight,406
507,deb://Debian/packages/tryton-modules-commission,408
508,deb://Debian/packages/tryton-modules-commission-waiting,407
509,deb://Debian/packages/tryton-modules-company,410
510,deb://Debian/packages/tryton-modules-company-work-time,409
511,deb://Debian/packages/tryton-modules-country,408
512,deb://Debian/packages/tryton-modules-currency,406
513,deb://Debian/packages/tryton-modules-customs,412
514,deb://Debian/packages/tryton-modules-dashboard,410
515,deb://Debian/packages/tryton-modules-google-maps,408
516,deb://Debian/packages/tryton-modules-ldap-authentication,408
517,deb://Debian/packages/tryton-modules-party,408
518,deb://Debian/packages/tryton-modules-party-relationship,412
519,deb://Debian/packages/tryton-modules-party-siret,409
520,deb://Debian/packages/tryton-modules-product,411
521,deb://Debian/packages/tryton-modules-product-attribute,410
522,deb://Debian/packages/tryton-modules-product-classification,409
523,deb://Debian/packages/tryton-modules-product-classification-taxonomic,406
524,deb://Debian/packages/tryton-modules-product-cost-fifo,409
525,deb://Debian/packages/tryton-modules-product-cost-history,409
526,deb://Debian/packages/tryton-modules-product-measurements,408
527,deb://Debian/packages/tryton-modules-product-price-list,404
528,deb://Debian/packages/tryton-modules-production,410
529,deb://Debian/packages/tryton-modules-production-routing,408
530,deb://Debian/packages/tryton-modules-production-work,408
531,deb://Debian/packages/tryton-modules-project,410
532,deb://Debian/packages/tryton-modules-project-invoice,406
533,deb://Debian/packages/tryton-modules-project-plan,410
534,deb://Debian/packages/tryton-modules-project-revenue,310
535,deb://Debian/packages/tryton-modules-purchase,407
536,deb://Debian/packages/tryton-modules-purchase-invoice-line-standalone,408
537,deb://Debian/packages/tryton-modules-purchase-request,406
538,deb://Debian/packages/tryton-modules-purchase-shipment-cost,406
539,deb://Debian/packages/tryton-modules-sale,406
540,deb://Debian/packages/tryton-modules-sale-complaint,408
541,deb://Debian/packages/tryton-modules-sale-credit-limit,406
542,deb://Debian/packages/tryton-modules-sale-extra,410
543,deb://Debian/packages/tryton-modules-sale-invoice-grouping,410
544,deb://Debian/packages/tryton-modules-sale-opportunity,413
545,deb://Debian/packages/tryton-modules-sale-price-list,407
546,deb://Debian/packages/tryton-modules-sale-promotion,411
547,deb://Debian/packages/tryton-modules-sale-shipment-cost,408
548,deb://Debian/packages/tryton-modules-sale-shipment-grouping,408
549,deb://Debian/packages/tryton-modules-sale-stock-quantity,408
550,deb://Debian/packages/tryton-modules-sale-supply,410
551,deb://Debian/packages/tryton-modules-sale-supply-drop-shipment,408
552,deb://Debian/packages/tryton-modules-stock,408
553,deb://Debian/packages/tryton-modules-stock-forecast,408
554,deb://Debian/packages/tryton-modules-stock-inventory-location,406
555,deb://Debian/packages/tryton-modules-stock-location-sequence,408
556,deb://Debian/packages/tryton-modules-stock-lot,407
557,deb://Debian/packages/tryton-modules-stock-lot-sled,412
558,deb://Debian/packages/tryton-modules-stock-package,410
559,deb://Debian/packages/tryton-modules-stock-product-location,408
560,deb://Debian/packages/tryton-modules-stock-split,412
561,deb://Debian/packages/tryton-modules-stock-supply,406
562,deb://Debian/packages/tryton-modules-stock-supply-day,408
563,deb://Debian/packages/tryton-modules-stock-supply-forecast,406
564,deb://Debian/packages/tryton-modules-stock-supply-production,406
565,deb://Debian/packages/tryton-modules-timesheet,410
566,deb://Debian/packages/tryton-modules-timesheet-cost,410
567,deb://Debian/packages/tryton-proteus,407
568,deb://Debian/packages/tryton-server,356
569,deb://Debian/packages/twms,38
570,deb://Debian/packages/txt2tags,71
571,deb://Debian/packages/ubuntu-dev-tools,139
572,deb://Debian/packages/ufw,83
573,deb://Debian/packages/unattended-upgrades,248
574,deb://Debian/packages/unicode,121
575,deb://Debian/packages/urlwatch,234
576,deb://Debian/packages/user-mode-linux,328
577,deb://Debian/packages/user-mode-linux-doc,64
578,deb://Debian/packages/veusz,32
579,deb://Debian/packages/virt-manager,379
580,deb://Debian/packages/virt-what,376
581,deb://Debian/packages/virtaal,223
582,deb://Debian/packages/virtualbox,508
583,deb://Debian/packages/vmdebootstrap,218
584,deb://Debian/packages/vzquota,2
585,deb://Debian/packages/wammu,313
586,deb://Debian/packages/wicd,406
587,deb://Debian/packages/wotsap,64
588,deb://Debian/packages/wxglade,411
589,deb://Debian/packages/xdot,225
590,deb://Debian/packages/xkcdpass,377
591,deb://Debian/packages/xonsh,391
592,deb://Debian/packages/yokadi,266
593,deb://Debian/packages/youtube-dl,374
594,deb://Debian/packages/zeroinstall-injector,401
595,deb://Debian/packages/zim,398
596,https://github.com/0rpc/zerorpc-python,3
597,https://github.com/0xAX/linux-insides,22
598,https://github.com/10se1ucgo/DisableWinTracking,10
599,https://github.com/3b1b/manim,84
600,https://github.com/521xueweihan/HelloGitHub,3
601,https://github.com/AKSHAYUBHAT/DeepVideoAnalytics,957
602,https://github.com/AirtestProject/Airtest,16
603,https://github.com/AppScale/appscale,98
604,https://github.com/Bitmessage/PyBitmessage,181
605,https://github.com/Cadene/pretrained-models.pytorch,32
606,https://github.com/ChrisKnott/Eel,58
607,https://github.com/Conchylicultor/DeepQA,1
608,https://github.com/CoreyMSchafer/code_snippets,2
609,https://github.com/CouchPotato/CouchPotatoServer,26
610,https://github.com/DEAP/deap,7
611,https://github.com/DistrictDataLabs/yellowbrick,1311
612,https://github.com/ElasticHQ/elasticsearch-HQ,23
613,https://github.com/Eloston/ungoogled-chromium,265
614,https://github.com/Featuretools/featuretools,2524
615,https://github.com/Fewbytes/rubber-docker,2
616,https://github.com/Gallopsled/pwntools,342
617,https://github.com/GoogleCloudPlatform/python-docs-samples,1152
618,https://github.com/Guake/guake,192
619,https://github.com/HIPS/autograd,23
620,https://github.com/HelloZeroNet/ZeroNet,219
621,https://github.com/HypothesisWorks/hypothesis,531
622,https://github.com/Jack-Cherish/python-spider,36
623,https://github.com/JuanPotato/Legofy,1
624,https://github.com/Julian/jsonschema,44
625,https://github.com/Kinto/kinto,2616
626,https://github.com/Kozea/WeasyPrint,12
627,https://github.com/Lasagne/Lasagne,8
628,https://github.com/LonamiWebs/Telethon,1715
629,https://github.com/LuminosoInsight/python-ftfy,47
630,https://github.com/MagicStack/asyncpg,1230
631,https://github.com/MagicStack/uvloop,369
632,https://github.com/Manisso/fsociety,23
633,https://github.com/MechanicalSoup/MechanicalSoup,124
634,https://github.com/Miserlou/Zappa,412
635,https://github.com/MobSF/Mobile-Security-Framework-MobSF,280
636,https://github.com/MongoEngine/mongoengine,30
637,https://github.com/MorvanZhou/Reinforcement-learning-with-tensorflow,7
638,https://github.com/MorvanZhou/Tensorflow-Tutorial,2
639,https://github.com/MorvanZhou/tutorials,3
640,https://github.com/MrS0m30n3/youtube-dl-gui,3
641,https://github.com/MycroftAI/mycroft-core,3792
642,https://github.com/NVIDIA/apex,265
643,https://github.com/Netflix/security_monkey,72
644,https://github.com/OpenMined/PySyft,3067
645,https://github.com/P0cL4bs/WiFi-Pumpkin,3
646,https://github.com/PaddlePaddle/models,2284
647,https://github.com/PeterDing/iScript,2
648,https://github.com/PokemonGoF/PokemonGo-Bot,26
649,https://github.com/PyCQA/pycodestyle,48
650,https://github.com/PyCQA/pylint,2125
651,https://github.com/PyGithub/PyGithub,43
652,https://github.com/Pylons/pyramid,25
653,https://github.com/QUANTAXIS/QUANTAXIS,8400
654,https://github.com/QingdaoU/OnlineJudge,20
655,https://github.com/RaRe-Technologies/gensim,430
656,https://github.com/Rapptz/discord.py,81
657,https://github.com/RasaHQ/rasa_core,2569
658,https://github.com/Rochester-NRT/RocAlphaGo,2
659,https://github.com/RocketMap/RocketMap,161
660,https://github.com/RustPython/RustPython,117
661,https://github.com/Sentdex/pygta5,4
662,https://github.com/ShangtongZhang/reinforcement-learning-an-introduction,11
663,https://github.com/Shougo/deoplete.nvim,342
664,https://github.com/SpiderClub/haipproxy,50
665,https://github.com/StackStorm/st2,5546
666,https://github.com/StevenBlack/hosts,369
667,https://github.com/SublimeCodeIntel/SublimeCodeIntel,6
668,https://github.com/SublimeText-Markdown/MarkdownEditing,29
669,https://github.com/Supervisor/supervisor,36
670,https://github.com/Tautulli/Tautulli,283
671,https://github.com/Theano/Theano,28
672,https://github.com/Tribler/tribler,896
673,https://github.com/Urinx/WeixinBot,6
674,https://github.com/XX-net/XX-Net,728
675,https://github.com/YadiraF/PRNet,10
676,https://github.com/Yelp/dumb-init,78
677,https://github.com/Yelp/elastalert,304
678,https://github.com/Yelp/mrjob,109
679,https://github.com/Zulko/moviepy,104
680,https://github.com/aaugustin/websockets,271
681,https://github.com/aboul3la/Sublist3r,4
682,https://github.com/achael/eht-imaging,231
683,https://github.com/ageitgey/face_recognition,34
684,https://github.com/aio-libs/aiohttp,4233
685,https://github.com/airbnb/knowledge-repo,45
686,https://github.com/ajalt/fuckitpy,3
687,https://github.com/ajenti/ajenti,8
688,https://github.com/albu/albumentations,136
689,https://github.com/aleju/imgaug,26
690,https://github.com/alicevision/meshroom,90
691,https://github.com/allenai/allennlp,4667
692,https://github.com/altair-viz/altair,653
693,https://github.com/amperser/proselint,80
694,https://github.com/amueller/word_cloud,46
695,https://github.com/andresriancho/w3af,56
696,https://github.com/androguard/androguard,247
697,https://github.com/andymccurdy/redis-py,19
698,https://github.com/angr/angr,1381
699,https://github.com/anishathalye/dotbot,60
700,https://github.com/anishathalye/git-remote-dropbox,5
701,https://github.com/anishathalye/neural-style,2
702,https://github.com/ansible/ansible,139017
703,https://github.com/ansible/ansible-container,44
704,https://github.com/ansible/awx,1094
705,https://github.com/aosp-mirror/platform_development,4279
706,https://github.com/apache/incubator-mxnet,20428
707,https://github.com/apenwarr/sshuttle,2
708,https://github.com/apprenticeharper/DeDRM_tools,26
709,https://github.com/arielf/weight-loss,1
710,https://github.com/asciimoo/drawille,5
711,https://github.com/asciimoo/searx,168
712,https://github.com/asciinema/asciinema,5
713,https://github.com/asweigart/pyautogui,2
714,https://github.com/automl/auto-sklearn,49
715,https://github.com/avinassh/rockstar,5
716,https://github.com/aws/aws-cli,762
717,https://github.com/aws/chalice,443
718,https://github.com/awslabs/aws-sam-cli,264
719,https://github.com/awslabs/aws-shell,1
720,https://github.com/awslabs/serverless-application-model,116
721,https://github.com/aziz/PlainTasks,2
722,https://github.com/b-ryan/powerline-shell,120
723,https://github.com/bear/python-twitter,17
724,https://github.com/beetbox/beets,243
725,https://github.com/benoitc/gunicorn,26
726,https://github.com/bigchaindb/bigchaindb,3290
727,https://github.com/billryan/algorithm-exercise,4
728,https://github.com/binux/pyspider,21
729,https://github.com/bitcoin/bips,70
730,https://github.com/bitcoinbook/bitcoinbook,60
731,https://github.com/blaze/blaze,6
732,https://github.com/bndr/pipreqs,3
733,https://github.com/bokeh/bokeh,4803
734,https://github.com/boto/boto3,53
735,https://github.com/bottlepy/bottle,17
736,https://github.com/bowenpay/wechat-spider,1
737,https://github.com/brightmart/text_classification,6
738,https://github.com/brython-dev/brython,353
739,https://github.com/buildbot/buildbot,130
740,https://github.com/bup/bup,6
741,https://github.com/burnash/gspread,5
742,https://github.com/carltongibson/django-filter,27
743,https://github.com/celery/celery,416
744,https://github.com/certbot/certbot,7395
745,https://github.com/chriskiehl/Gooey,3
746,https://github.com/chrissimpkins/Crunch,300
747,https://github.com/chrissimpkins/codeface,1
748,https://github.com/christabor/flask_jsondash,45
749,https://github.com/chubin/cheat.sh,170
750,https://github.com/chubin/wttr.in,1
751,https://github.com/ckan/ckan,115
752,https://github.com/clips/pattern,130
753,https://github.com/cloudera/hue,2095
754,https://github.com/cloudtools/troposphere,318
755,https://github.com/codelucas/newspaper,5
756,https://github.com/coleifer/huey,44
757,https://github.com/coleifer/peewee,76
758,https://github.com/conan-io/conan,1982
759,https://github.com/conda/conda,2146
760,https://github.com/coursera-dl/coursera-dl,137
761,https://github.com/cowrie/cowrie,2
762,https://github.com/crazyguitar/pysheeet,20
763,https://github.com/crsmithdev/arrow,25
764,https://github.com/cupy/cupy,4275
765,https://github.com/cysmith/neural-style-tf,1
766,https://github.com/cython/cython,958
767,https://github.com/dabeaz/curio,5
768,https://github.com/darknessomi/musicbox,76
769,https://github.com/dask/dask,48
770,https://github.com/daviddrysdale/python-phonenumbers,8
771,https://github.com/davidhalter/jedi,143
772,https://github.com/davidsandberg/facenet,13
773,https://github.com/dbader/schedule,15
774,https://github.com/dbcli/mycli,24
775,https://github.com/dbcli/pgcli,384
776,https://github.com/dedupeio/dedupe,123
777,https://github.com/deepfakes/faceswap,636
778,https://github.com/deepmind/dnc,1
779,https://github.com/deepmind/pysc2,111
780,https://github.com/deepmind/sonnet,53
781,https://github.com/deepmipt/DeepPavlov,11207
782,https://github.com/deis/deis,1
783,https://github.com/dennybritz/cnn-text-classification-tf,7
784,https://github.com/diafygi/acme-tiny,12
785,https://github.com/divio/django-cms,763
786,https://github.com/django-extensions/django-extensions,171
787,https://github.com/django-guardian/django-guardian,13
788,https://github.com/django-haystack/django-haystack,39
789,https://github.com/django-oscar/django-oscar,329
790,https://github.com/django-tastypie/django-tastypie,8
791,https://github.com/django/channels,235
792,https://github.com/django/django,7158
793,https://github.com/dmlc/gluon-cv,598
794,https://github.com/dmlc/tvm,5484
795,https://github.com/docker/docker-py,1131
796,https://github.com/docopt/docopt,7
797,https://github.com/donnemartin/awesome-aws,28
798,https://github.com/donnemartin/data-science-ipython-notebooks,7
799,https://github.com/donnemartin/gitsome,5
800,https://github.com/donnemartin/interactive-coding-challenges,6
801,https://github.com/donnemartin/saws,13
802,https://github.com/donnemartin/system-design-primer,86
803,https://github.com/douban/dpark,4
804,https://github.com/dpgaspar/Flask-AppBuilder,38
805,https://github.com/dpkp/kafka-python,200
806,https://github.com/drduh/macOS-Security-and-Privacy-Guide,38
807,https://github.com/drivendata/cookiecutter-data-science,43
808,https://github.com/dschep/ntfy,23
809,https://github.com/dwyl/english-words,7
810,https://github.com/dylanaraps/pywal,211
811,https://github.com/easy-tensorflow/easy-tensorflow,39
812,https://github.com/edgedb/edgedb,164
813,https://github.com/edx/edx-platform,56797
814,https://github.com/elastic/curator,81
815,https://github.com/eliangcs/http-prompt,8
816,https://github.com/emre/storm,1
817,https://github.com/encode/django-rest-framework,337
818,https://github.com/endernewton/tf-faster-rcnn,3
819,https://github.com/eriklindernoren/Keras-GAN,16
820,https://github.com/eriklindernoren/ML-From-Scratch,5
821,https://github.com/eriklindernoren/PyTorch-GAN,5
822,https://github.com/eriklindernoren/PyTorch-YOLOv3,28
823,https://github.com/espressif/esptool,52
824,https://github.com/eternnoir/pyTelegramBotAPI,17
825,https://github.com/ethereon/caffe-tensorflow,2
826,https://github.com/ethereum/vyper,1183
827,https://github.com/etianen/django-reversion,12
828,https://github.com/evhub/coconut,7
829,https://github.com/evilsocket/opensnitch,26
830,https://github.com/explosion/spaCy,538
831,https://github.com/fabric/fabric,11
832,https://github.com/facebook/chisel,39
833,https://github.com/facebook/prophet,170
834,https://github.com/facebookarchive/python-instagram,3
835,https://github.com/facebookresearch/Detectron,197
836,https://github.com/facebookresearch/DrQA,5
837,https://github.com/facebookresearch/ParlAI,9770
838,https://github.com/facebookresearch/visdom,57
839,https://github.com/faif/python-patterns,7
840,https://github.com/fail2ban/fail2ban,49
841,https://github.com/falconry/falcon,60
842,https://github.com/farizrahman4u/seq2seq,4
843,https://github.com/felixonmars/dnsmasq-china-list,143
844,https://github.com/fivesheep/chnroutes,3
845,https://github.com/fizyr/keras-retinanet,174
846,https://github.com/flask-admin/flask-admin,52
847,https://github.com/fluentpython/example-code,1
848,https://github.com/fmfn/BayesianOptimization,7
849,https://github.com/fogleman/Minecraft,2
850,https://github.com/foosel/OctoPrint,280
851,https://github.com/formspree/formspree,14
852,https://github.com/frappe/erpnext,7945
853,https://github.com/freedomofpress/securedrop,10667
854,https://github.com/fxsjy/jieba,6
855,https://github.com/gbeced/pyalgotrade,5
856,https://github.com/geekcomputers/Python,80
857,https://github.com/geex-arts/django-jet,17
858,https://github.com/geopy/geopy,2
859,https://github.com/getpelican/pelican,23
860,https://github.com/getredash/redash,1920
861,https://github.com/getsentry/sentry,65215
862,https://github.com/gevent/gevent,600
863,https://github.com/gitpython-developers/GitPython,11
864,https://github.com/gleitz/howdoi,11
865,https://github.com/golemfactory/golem,6603
866,https://github.com/goodfeli/adversarial,3
867,https://github.com/google/grr,29
868,https://github.com/google/sanitizers,2
869,https://github.com/google/seq2seq,1
870,https://github.com/google/yapf,26
871,https://github.com/gorakhargosh/watchdog,3
872,https://github.com/graphql-python/graphene-django,262
873,https://github.com/gregmalcolm/python_koans,7
874,https://github.com/guardicore/monkey,532
875,https://github.com/gunthercox/ChatterBot,53
876,https://github.com/hackerkid/Mind-Expanding-Books,9
877,https://github.com/hardikvasa/google-images-download,11
878,https://github.com/harelba/q,9
879,https://github.com/hhatto/autopep8,11
880,https://github.com/hindupuravinash/the-gan-zoo,9
881,https://github.com/home-assistant/home-assistant,50894
882,https://github.com/honza/vim-snippets,21
883,https://github.com/houtianze/bypy,4
884,https://github.com/hugsy/gef,75
885,https://github.com/huyingxi/Synonyms,13
886,https://github.com/hylang/hy,160
887,https://github.com/i-tu/Hasklig,3
888,https://github.com/ibab/tensorflow-wavenet,2
889,https://github.com/ildoonet/tf-pose-estimation,176
890,https://github.com/imWildCat/scylla,66
891,https://github.com/infobyte/faraday,10
892,https://github.com/injetlee/Python,2
893,https://github.com/iodide-project/pyodide,542
894,https://github.com/iovisor/bcc,2454
895,https://github.com/iperov/DeepFaceLab,73
896,https://github.com/ipython/ipython,121
897,https://github.com/isocpp/CppCoreGuidelines,14
898,https://github.com/iterative/dvc,1823
899,https://github.com/jakubroztocil/httpie,13
900,https://github.com/jarun/Buku,11
901,https://github.com/jarun/googler,38
902,https://github.com/jayfk/statuspage,21
903,https://github.com/jazzband/django-debug-toolbar,24
904,https://github.com/jazzband/pip-tools,38
905,https://github.com/jiaaro/pydub,9
906,https://github.com/jindongwang/transferlearning,25
907,https://github.com/jinfagang/tensorflow_poems,6
908,https://github.com/jisaacks/GitGutter,79
909,https://github.com/joelgrus/data-science-from-scratch,2
910,https://github.com/joestump/python-oauth2,6
911,https://github.com/joeyespo/grip,7
912,https://github.com/joke2k/faker,50
913,https://github.com/jopohl/urh,454
914,https://github.com/jorgebastida/awslogs,1
915,https://github.com/jorgebastida/glue,1
916,https://github.com/josephmisiti/awesome-machine-learning,34
917,https://github.com/junyanz/pytorch-CycleGAN-and-pix2pix,15
918,https://github.com/jupyter/jupyter,4
919,https://github.com/jwilder/nginx-proxy,22
920,https://github.com/karpathy/arxiv-sanity-preserver,2
921,https://github.com/kemayo/sublime-text-git,14
922,https://github.com/kennethreitz/records,5
923,https://github.com/keon/algorithms,4323
924,https://github.com/keras-rl/keras-rl,56
925,https://github.com/keras-team/keras,3293
926,https://github.com/kivy/kivy,1838
927,https://github.com/kivy/python-for-android,39
928,https://github.com/kovidgoyal/calibre,681
929,https://github.com/laramies/theHarvester,6
930,https://github.com/larsenwork/monoid,2
931,https://github.com/lauris/awesome-scala,28
932,https://github.com/lazyprogrammer/machine_learning_examples,39
933,https://github.com/lektor/lektor,12
934,https://github.com/lengstrom/fast-style-transfer,2
935,https://github.com/librosa/librosa,74
936,https://github.com/lisa-lab/pylearn2,1
937,https://github.com/littlecodersh/ItChat,5
938,https://github.com/lmacken/pyrasite,1
939,https://github.com/lmcinnes/umap,364
940,https://github.com/localstack/localstack,109
941,https://github.com/longld/peda,3
942,https://github.com/lutris/lutris,242
943,https://github.com/lyst/lightfm,19
944,https://github.com/madmaze/pytesseract,12
945,https://github.com/mahmoud/boltons,20
946,https://github.com/mailpile/Mailpile,7
947,https://github.com/marcgibbons/django-rest-swagger,11
948,https://github.com/marshmallow-code/marshmallow,146
949,https://github.com/martinarjovsky/WassersteinGAN,2
950,https://github.com/martinblech/xmltodict,6
951,https://github.com/matplotlib/matplotlib,4646
952,https://github.com/matrix-org/synapse,11075
953,https://github.com/matterport/Mask_RCNN,377
954,https://github.com/maurosoria/dirsearch,14
955,https://github.com/mbadry1/DeepLearning.ai-Summary,139
956,https://github.com/meolu/walle-web,21
957,https://github.com/mesonbuild/meson,10647
958,https://github.com/mher/flower,11
959,https://github.com/michael-lazar/rtv,51
960,https://github.com/michaelliao/learn-python3,12
961,https://github.com/midgetspy/Sick-Beard,1
962,https://github.com/miguelgrinberg/Flask-SocketIO,31
963,https://github.com/minimaxir/big-list-of-naughty-strings,7
964,https://github.com/minimaxir/textgenrnn,21
965,https://github.com/mininet/mininet,31
966,https://github.com/mirumee/saleor,3727
967,https://github.com/misterch0c/shadowbroker,2
968,https://github.com/mitmproxy/mitmproxy,1701
969,https://github.com/mkaz/termgraph,7
970,https://github.com/mkdocs/mkdocs,11
971,https://github.com/mnielsen/neural-networks-and-deep-learning,6
972,https://github.com/mobolic/facebook-sdk,12
973,https://github.com/mongodb/mongo-python-driver,227
974,https://github.com/mopidy/mopidy,34
975,https://github.com/mps-youtube/mps-youtube,89
976,https://github.com/mrjbq7/ta-lib,5
977,https://github.com/msiemens/tinydb,12
978,https://github.com/msracver/Deformable-ConvNets,6
979,https://github.com/mstamy2/PyPDF2,9
980,https://github.com/mwaskom/seaborn,73
981,https://github.com/n1nj4sec/pupy,24
982,https://github.com/nameko/nameko,43
983,https://github.com/neozhaoliang/pywonderland,11
984,https://github.com/networkx/networkx,1032
985,https://github.com/newsapps/beeswithmachineguns,13
986,https://github.com/nficano/pytube,3
987,https://github.com/nickoala/telepot,8
988,https://github.com/nicolargo/glances,158
989,https://github.com/nltk/nltk,52
990,https://github.com/nodejs/node-gyp,16
991,https://github.com/nryoung/algorithms,1
992,https://github.com/nteract/papermill,168
993,https://github.com/numba/numba,936
994,https://github.com/numenta/nupic,47
995,https://github.com/nvdv/vprof,13
996,https://github.com/oarriaga/face_classification,7
997,https://github.com/offu/WeRoBot,73
998,https://github.com/okfn-brasil/serenata-de-amor,358
999,https://github.com/openai/baselines,201
1000,https://github.com/openai/gym,414
1001,https://github.com/openimages/dataset,3
1002,https://github.com/openstack/nova,115711
1003,https://github.com/pallets/click,27
1004,https://github.com/pallets/flask,237
1005,https://github.com/pallets/jinja,21
1006,https://github.com/pallets/werkzeug,142
1007,https://github.com/pandas-dev/pandas,10538
1008,https://github.com/pandolia/qqbot,8
1009,https://github.com/paralax/awesome-honeypots,20
1010,https://github.com/pennersr/django-allauth,133
1011,https://github.com/phodal/awesome-iot,11
1012,https://github.com/pinax/pinax,6
1013,https://github.com/platformio/platformio-core,76
1014,https://github.com/plotly/dash,8
1015,https://github.com/posativ/isso,20
1016,https://github.com/powerline/powerline,7
1017,https://github.com/prakhar1989/Algorithms,1
1018,https://github.com/pre-commit/pre-commit,569
1019,https://github.com/princewen/tensorflow_practice,2
1020,https://github.com/pritunl/pritunl,55
1021,https://github.com/pudo/dataset,4
1022,https://github.com/pwndbg/pwndbg,248
1023,https://github.com/pybrain/pybrain,5
1024,https://github.com/pyca/cryptography,64
1025,https://github.com/pydanny/cookiecutter-django,561
1026,https://github.com/pyeve/eve,38
1027,https://github.com/pyinstaller/pyinstaller,572
1028,https://github.com/pyinvoke/invoke,12
1029,https://github.com/pymc-devs/pymc3,318
1030,https://github.com/pypa/pip,226
1031,https://github.com/pypa/pipenv,3147
1032,https://github.com/pypa/sampleproject,30
1033,https://github.com/pypa/warehouse,7893
1034,https://github.com/pytest-dev/pytest,1002
1035,https://github.com/python-mode/python-mode,61
1036,https://github.com/python-pillow/Pillow,393
1037,https://github.com/python-telegram-bot/python-telegram-bot,142
1038,https://github.com/python-trio/trio,83
1039,https://github.com/python-visualization/folium,89
1040,https://github.com/python/cpython,16129
1041,https://github.com/python/mypy,3773
1042,https://github.com/pytoolz/toolz,6
1043,https://github.com/pytorch/examples,151
1044,https://github.com/qiwsir/algorithm,3
1045,https://github.com/qqwweee/keras-yolo3,40
1046,https://github.com/quantopian/zipline,1695
1047,https://github.com/ranger/ranger,134
1048,https://github.com/rarcega/instagram-scraper,100
1049,https://github.com/rasbt/mlxtend,108
1050,https://github.com/raspberrypi/documentation,357
1051,https://github.com/ray-project/ray,8776
1052,https://github.com/rbgirshick/fast-rcnn,2
1053,https://github.com/rbgirshick/py-faster-rcnn,5
1054,https://github.com/rembo10/headphones,30
1055,https://github.com/ricequant/rqalpha,152
1056,https://github.com/rkern/line_profiler,5
1057,https://github.com/robotframework/robotframework,203
1058,https://github.com/rossant/awesome-math,17
1059,https://github.com/rougier/numpy-100,1
1060,https://github.com/roytseng-tw/Detectron.pytorch,14
1061,https://github.com/rushter/data-science-blogs,9
1062,https://github.com/s3tools/s3cmd,24
1063,https://github.com/saltstack/salt,26857
1064,https://github.com/saulpw/visidata,144
1065,https://github.com/schematics/schematics,3
1066,https://github.com/scikit-image/scikit-image,1985
1067,https://github.com/scikit-learn-contrib/imbalanced-learn,35
1068,https://github.com/scikit-learn/scikit-learn,2441
1069,https://github.com/scipy-lectures/scipy-lecture-notes,11
1070,https://github.com/scipy/scipy,1772
1071,https://github.com/scrapinghub/portia,48
1072,https://github.com/scrapinghub/splash,11
1073,https://github.com/scrapy/scrapy,581
1074,https://github.com/sdispater/pendulum,13
1075,https://github.com/sdispater/poetry,774
1076,https://github.com/seatgeek/fuzzywuzzy,28
1077,https://github.com/secdev/scapy,461
1078,https://github.com/shadowsocks/shadowsocks,1
1079,https://github.com/sherjilozair/char-rnn-tensorflow,1
1080,https://github.com/shidenggui/easytrader,4
1081,https://github.com/simon-weber/gmusicapi,5
1082,https://github.com/simonw/datasette,388
1083,https://github.com/sivel/speedtest-cli,16
1084,https://github.com/sixohsix/twitter,3
1085,https://github.com/sloria/TextBlob,16
1086,https://github.com/sloria/doitlive,52
1087,https://github.com/smicallef/spiderfoot,8
1088,https://github.com/snare/voltron,6
1089,https://github.com/snipsco/snips-nlu,221
1090,https://github.com/sony/nnabla,943
1091,https://github.com/sovereign/sovereign,9
1092,https://github.com/spadgos/sublime-jsdocs,1
1093,https://github.com/spesmilo/electrum,3094
1094,https://github.com/sphinx-doc/sphinx,3245
1095,https://github.com/spinnaker/spinnaker,312
1096,https://github.com/spotify/luigi,331
1097,https://github.com/spulec/moto,1538
1098,https://github.com/spyder-ide/spyder,1448
1099,https://github.com/spyoungtech/grequests,2
1100,https://github.com/sqlmapproject/sqlmap,159
1101,https://github.com/sripathikrishnan/redis-rdb-tools,7
1102,https://github.com/sshuttle/sshuttle,53
1103,https://github.com/sshwsfc/xadmin,12
1104,https://github.com/stamparm/maltrail,3
1105,https://github.com/statsmodels/statsmodels,1805
1106,https://github.com/stephenmcd/mezzanine,5
1107,https://github.com/streamlink/streamlink,2773
1108,https://github.com/swisskyrepo/PayloadsAllTheThings,2
1109,https://github.com/sympy/sympy,850
1110,https://github.com/taigaio/taiga-back,69
1111,https://github.com/tensorflow/cleverhans,784
1112,https://github.com/tensorflow/magenta,761
1113,https://github.com/tensorflow/models,10252
1114,https://github.com/tensorflow/nmt,11
1115,https://github.com/tensorflow/tensor2tensor,2438
1116,https://github.com/tensorflow/tensorboard,1204
1117,https://github.com/tensorlayer/tensorlayer,8237
1118,https://github.com/tensorpack/tensorpack,730
1119,https://github.com/testerSunshine/12306,13
1120,https://github.com/tflearn/tflearn,39
1121,https://github.com/tgalal/yowsup,7
1122,https://github.com/theskumar/python-dotenv,23
1123,https://github.com/threat9/routersploit,310
1124,https://github.com/thumbor/thumbor,56
1125,https://github.com/timgrossmann/InstaPy,2038
1126,https://github.com/tldr-pages/tldr,1560
1127,https://github.com/tmux-python/tmuxp,241
1128,https://github.com/tonybeltramelli/pix2code,3
1129,https://github.com/tornadoweb/tornado,216
1130,https://github.com/tqdm/tqdm,266
1131,https://github.com/trailofbits/algo,1602
1132,https://github.com/trustedsec/ptf,156
1133,https://github.com/trustedsec/social-engineer-toolkit,27
1134,https://github.com/tschellenbach/Stream-Framework,6
1135,https://github.com/tweepy/tweepy,66
1136,https://github.com/twisted/twisted,630
1137,https://github.com/tyiannak/pyAudioAnalysis,17
1138,https://github.com/tzutalin/labelImg,5
1139,https://github.com/vinta/awesome-python,201
1140,https://github.com/vipstone/faceai,25
1141,https://github.com/vishnubob/wait-for-it,5
1142,https://github.com/volatilityfoundation/volatility,31
1143,https://github.com/waditu/tushare,3
1144,https://github.com/wagtail/wagtail,367
1145,https://github.com/wal-e/wal-e,68
1146,https://github.com/wangshub/Douyin-Bot,36
1147,https://github.com/warner/magic-wormhole,24
1148,https://github.com/wbond/package_control,6
1149,https://github.com/what-studio/profiling,3
1150,https://github.com/wifiphisher/wifiphisher,261
1151,https://github.com/wireservice/csvkit,10
1152,https://github.com/worldveil/dejavu,3
1153,https://github.com/wting/autojump,4
1154,https://github.com/xiyouMc/WebHubBot,5
1155,https://github.com/xonsh/xonsh,663
1156,https://github.com/yahoo/TensorFlowOnSpark,32
1157,https://github.com/yandex/gixy,6
1158,https://github.com/yasoob/intermediatePython,29
1159,https://github.com/yidao620c/python3-cookbook,18
1160,https://github.com/yosinski/deep-visualization-toolbox,1
1161,https://github.com/ysrc/xunfeng,5
1162,https://github.com/ytisf/theZoo,3
1163,https://github.com/zalando/connexion,94
1164,https://github.com/zalando/patroni,318
1165,https://github.com/zulip/zulip,33480
1166,https://github.com/zzw922cn/Automatic_Speech_Recognition,2
1167,https://github.com/zzzeek/sqlalchemy,194
1168,https://gitlab.com/ColoradoSchoolOfMines/visplay.git,42
1169,https://gitlab.com/EAVISE/brambox.git,20
1170,https://gitlab.com/GNULand/TraktorPlus/Traktor.git,15
1171,https://gitlab.com/LibreOfficiant/ide_utils.git,3
1172,https://gitlab.com/MatteoCampinoti94/FALocalRepo.git,34
1173,https://gitlab.com/anarcat/feed2exec.git,6
1174,https://gitlab.com/asciidoc3/asciidoc3.git,16
1175,https://gitlab.com/aurelien-lourot/importdir.git,2
1176,https://gitlab.com/betse/betse.git,2
1177,https://gitlab.com/bgez/bgez.git,5
1178,https://gitlab.com/brombinmirko/ElementaryPython.git,2
1179,https://gitlab.com/cerfacs/batman.git,58
1180,https://gitlab.com/coala/PyPrint.git,17
1181,https://gitlab.com/diegogangl/reflow.git,4
1182,https://gitlab.com/doctormo/python-crontab.git,5
1183,https://gitlab.com/edleh/pampi.git,2
1184,https://gitlab.com/edleh/pylote.git,2
1185,https://gitlab.com/elixire/elixire.git,59
1186,https://gitlab.com/fdroid/repomaker.git,22
1187,https://gitlab.com/gnowledge/gstudio.git,2
1188,https://gitlab.com/granitosaurus/minds-api.git,2
1189,https://gitlab.com/hesafredrika/server.git,2
1190,https://gitlab.com/ideasman42/blender-mathutils.git,2
1191,https://gitlab.com/inkscape/extensions.git,7
1192,https://gitlab.com/jenx/import-batteries-talk.git,3
1193,https://gitlab.com/kivymd/KivyMD.git,9
1194,https://gitlab.com/ldo/harfpy.git,3
1195,https://gitlab.com/ldo/python_freetype.git,3
1196,https://gitlab.com/ldo/qahirah.git,2
1197,https://gitlab.com/librespacefoundation/satnogs/satnogs-db.git,49
1198,https://gitlab.com/librespacefoundation/satnogs/satnogs-network.git,206
1199,https://gitlab.com/m2crypto/m2crypto.git,113
1200,https://gitlab.com/mauriciobaeza/empresa-libre.git,29
1201,https://gitlab.com/mayan-edms/mayan-edms.git,31
1202,https://gitlab.com/mike01/pypacker.git,15
1203,https://gitlab.com/mindfulness-at-the-computer/mindfulness-at-the-computer.git,63
1204,https://gitlab.com/nicofirst1/MotionBot.git,2
1205,https://gitlab.com/nobodyinperson/simbuto.git,36
1206,https://gitlab.com/noppo/gevent-websocket.git,4
1207,https://gitlab.com/pycqa/flake8-docstrings.git,4
1208,https://gitlab.com/pycqa/flake8.git,70
1209,https://gitlab.com/pycqa/pep8-naming.git,4
1210,https://gitlab.com/pycqa/pycodestyle.git,5
1211,https://gitlab.com/pycqa/pydocstyle.git,7
1212,https://gitlab.com/pycqa/pylint.git,1
1213,https://gitlab.com/pycqa/redbaron.git,5
1214,https://gitlab.com/pyfml/prepare.git,2
1215,https://gitlab.com/sawyerf/Youtube_subscription_manager.git,3
1216,https://gitlab.com/solarliner/terrainlib.git,22
1217,https://gitlab.com/thecorpora/QBO.git,9
1218,https://gitlab.com/tobimiller/mascor_px4_control.git,2
1219,https://gitlab.com/tractor-team/carburetor.git,4
1220,https://gitlab.com/vagnum08/cpupower-gui.git,22
1221,https://gitlab.com/valtron/msn-server.git,24
1222,https://pypi.org/project/APScheduler/,4
1223,https://pypi.org/project/Automat/,1
1224,https://pypi.org/project/CacheControl/,2
1225,https://pypi.org/project/Cerberus/,1
1226,https://pypi.org/project/ConfigArgParse/,1
1227,https://pypi.org/project/Cython/,7
1228,https://pypi.org/project/Django/,21
1229,https://pypi.org/project/Faker/,14
1230,https://pypi.org/project/Fiona/,7
1231,https://pypi.org/project/Flask-Admin/,2
1232,https://pypi.org/project/Flask-Login/,1
1233,https://pypi.org/project/Keras-Applications/,5
1234,https://pypi.org/project/Pattern/,1
1235,https://pypi.org/project/PyAthenaJDBC/,5
1236,https://pypi.org/project/PyMySQL/,5
1237,https://pypi.org/project/Pympler/,1
1238,https://pypi.org/project/Pyphen/,1
1239,https://pypi.org/project/Sphinx/,17
1240,https://pypi.org/project/WeasyPrint/,4
1241,https://pypi.org/project/WebOb/,5
1242,https://pypi.org/project/Werkzeug/,3
1243,https://pypi.org/project/aiohttp_cors/,2
1244,https://pypi.org/project/alabaster/,1
1245,https://pypi.org/project/alembic/,5
1246,https://pypi.org/project/altgraph/,2
1247,https://pypi.org/project/analytics-python/,1
1248,https://pypi.org/project/antlr4-python3-runtime/,1
1249,https://pypi.org/project/applicationinsights/,6
1250,https://pypi.org/project/argcomplete/,2
1251,https://pypi.org/project/asn1crypto/,1
1252,https://pypi.org/project/aspy.yaml/,2
1253,https://pypi.org/project/astor/,4
1254,https://pypi.org/project/async_timeout/,2
1255,https://pypi.org/project/autobahn/,10
1256,https://pypi.org/project/aws-xray-sdk/,11
1257,https://pypi.org/project/azure-cli-cdn/,6
1258,https://pypi.org/project/azure-cli-cloud/,7
1259,https://pypi.org/project/azure-cli-cognitiveservices/,6
1260,https://pypi.org/project/azure-cli-core/,23
1261,https://pypi.org/project/azure-cli-dla/,10
1262,https://pypi.org/project/azure-cli-interactive/,17
1263,https://pypi.org/project/azure-cli-iot/,11
1264,https://pypi.org/project/azure-cli-lab/,10
1265,https://pypi.org/project/azure-cli-monitor/,16
1266,https://pypi.org/project/azure-cli-profile/,13
1267,https://pypi.org/project/azure-cli-redis/,6
1268,https://pypi.org/project/azure-cli-reservations/,9
1269,https://pypi.org/project/azure-cli-servicefabric/,11
1270,https://pypi.org/project/azure-common/,7
1271,https://pypi.org/project/azure-eventgrid/,4
1272,https://pypi.org/project/azure-keyvault/,4
1273,https://pypi.org/project/azure-mgmt-advisor/,3
1274,https://pypi.org/project/azure-mgmt-authorization/,2
1275,https://pypi.org/project/azure-mgmt-batch/,2
1276,https://pypi.org/project/azure-mgmt-billing/,1
1277,https://pypi.org/project/azure-mgmt-commerce/,1
1278,https://pypi.org/project/azure-mgmt-compute/,8
1279,https://pypi.org/project/azure-mgmt-containerinstance/,5
1280,https://pypi.org/project/azure-mgmt-containerregistry/,3
1281,https://pypi.org/project/azure-mgmt-datafactory/,5
1282,https://pypi.org/project/azure-mgmt-devspaces/,1
1283,https://pypi.org/project/azure-mgmt-eventgrid/,4
1284,https://pypi.org/project/azure-mgmt-hanaonazure/,4
1285,https://pypi.org/project/azure-mgmt-iotcentral/,2
1286,https://pypi.org/project/azure-mgmt-iothub/,2
1287,https://pypi.org/project/azure-mgmt-iothubprovisioningservices/,2
1288,https://pypi.org/project/azure-mgmt-loganalytics/,2
1289,https://pypi.org/project/azure-mgmt-managementgroups/,1
1290,https://pypi.org/project/azure-mgmt-managementpartner/,1
1291,https://pypi.org/project/azure-mgmt-maps/,1
1292,https://pypi.org/project/azure-mgmt-media/,2
1293,https://pypi.org/project/azure-mgmt-policyinsights/,1
1294,https://pypi.org/project/azure-mgmt-recoveryservices/,1
1295,https://pypi.org/project/azure-mgmt-redis/,1
1296,https://pypi.org/project/azure-mgmt-reservations/,4
1297,https://pypi.org/project/azure-mgmt-resource/,3
1298,https://pypi.org/project/azure-mgmt-search/,1
1299,https://pypi.org/project/azure-mgmt-servicebus/,4
1300,https://pypi.org/project/azure-mgmt-servicefabric/,1
1301,https://pypi.org/project/azure-mgmt-sql/,5
1302,https://pypi.org/project/azure-mgmt-storage/,6
1303,https://pypi.org/project/azure-mgmt-trafficmanager/,1
1304,https://pypi.org/project/azure-mgmt/,2
1305,https://pypi.org/project/azure-servicefabric/,3
1306,https://pypi.org/project/azure-storage-blob/,6
1307,https://pypi.org/project/azure-storage-common/,5
1308,https://pypi.org/project/azure-storage-file/,5
1309,https://pypi.org/project/azure/,2
1310,https://pypi.org/project/backoff/,2
1311,https://pypi.org/project/billiard/,1
1312,https://pypi.org/project/bitarray/,2
1313,https://pypi.org/project/boto/,1
1314,https://pypi.org/project/boto3/,166
1315,https://pypi.org/project/cassandra-driver/,5
1316,https://pypi.org/project/click-completion/,4
1317,https://pypi.org/project/cloudpickle/,10
1318,https://pypi.org/project/coloredlogs/,10
1319,https://pypi.org/project/cookiejar/,1
1320,https://pypi.org/project/croniter/,5
1321,https://pypi.org/project/datadog/,6
1322,https://pypi.org/project/ddt/,3
1323,https://pypi.org/project/debtcollector/,2
1324,https://pypi.org/project/dictdiffer/,1
1325,https://pypi.org/project/dj-database-url/,1
1326,https://pypi.org/project/django-debug-toolbar/,4
1327,https://pypi.org/project/django-environ/,1
1328,https://pypi.org/project/django-tables2/,23
1329,https://pypi.org/project/docker-py/,2
1330,https://pypi.org/project/elasticsearch-dsl/,6
1331,https://pypi.org/project/enum/,1
1332,https://pypi.org/project/fastavro/,41
1333,https://pypi.org/project/findspark/,2
1334,https://pypi.org/project/geoip2/,3
1335,https://pypi.org/project/geopy/,6
1336,https://pypi.org/project/google-api-core/,11
1337,https://pypi.org/project/google-auth-httplib2/,1
1338,https://pypi.org/project/google-auth-oauthlib/,1
1339,https://pypi.org/project/google-cloud-core/,1
1340,https://pypi.org/project/google-cloud-dataflow/,4
1341,https://pypi.org/project/google-cloud-dns/,1
1342,https://pypi.org/project/google-cloud-firestore/,1
1343,https://pypi.org/project/google-cloud-language/,4
1344,https://pypi.org/project/google-cloud-resource-manager/,1
1345,https://pypi.org/project/google-cloud-spanner/,7
1346,https://pypi.org/project/google-cloud-speech/,8
1347,https://pypi.org/project/google-compute-engine/,8
1348,https://pypi.org/project/google/,1
1349,https://pypi.org/project/googleads/,11
1350,https://pypi.org/project/googlemaps/,3
1351,https://pypi.org/project/greenlet/,3
1352,https://pypi.org/project/grpcio/,40
1353,https://pypi.org/project/gunicorn/,3
1354,https://pypi.org/project/html2text/,1
1355,https://pypi.org/project/html5lib/,2
1356,https://pypi.org/project/httpretty/,5
1357,https://pypi.org/project/humanfriendly/,16
1358,https://pypi.org/project/hvac/,8
1359,https://pypi.org/project/hyperlink/,1
1360,https://pypi.org/project/idna_ssl/,5
1361,https://pypi.org/project/imagesize/,2
1362,https://pypi.org/project/inflect/,4
1363,https://pypi.org/project/ipdb/,1
1364,https://pypi.org/project/ipywidgets/,17
1365,https://pypi.org/project/isort/,5
1366,https://pypi.org/project/joblib/,6
1367,https://pypi.org/project/jsonpatch/,4
1368,https://pypi.org/project/jsonpickle/,1
1369,https://pypi.org/project/kafka-python/,4
1370,https://pypi.org/project/kazoo/,1
1371,https://pypi.org/project/keystoneauth1/,11
1372,https://pypi.org/project/kubernetes/,9
1373,https://pypi.org/project/ldap3/,4
1374,https://pypi.org/project/livereload/,1
1375,https://pypi.org/project/macholib/,3
1376,https://pypi.org/project/matplotlib/,8
1377,https://pypi.org/project/maxminddb/,2
1378,https://pypi.org/project/mistune/,3
1379,https://pypi.org/project/mlflow/,12
1380,https://pypi.org/project/msgpack-python/,6
1381,https://pypi.org/project/msrest/,17
1382,https://pypi.org/project/msrestazure/,19
1383,https://pypi.org/project/multidict/,52
1384,https://pypi.org/project/mypy/,9
1385,https://pypi.org/project/newrelic/,14
1386,https://pypi.org/project/nodeenv/,3
1387,https://pypi.org/project/ntlm-auth/,2
1388,https://pypi.org/project/numpy/,11
1389,https://pypi.org/project/openstacksdk/,13
1390,https://pypi.org/project/os-client-config/,5
1391,https://pypi.org/project/os-service-types/,2
1392,https://pypi.org/project/osc-lib/,6
1393,https://pypi.org/project/oslo.i18n/,4
1394,https://pypi.org/project/oslo.log/,10
1395,https://pypi.org/project/oslo.serialization/,8
1396,https://pypi.org/project/packaging/,2
1397,https://pypi.org/project/paho-mqtt/,1
1398,https://pypi.org/project/paramiko/,13
1399,https://pypi.org/project/parso/,5
1400,https://pypi.org/project/pathspec/,4
1401,https://pypi.org/project/patsy/,1
1402,https://pypi.org/project/pefile/,2
1403,https://pypi.org/project/pexpect/,5
1404,https://pypi.org/project/pg8000/,4
1405,https://pypi.org/project/pip-tools/,10
1406,https://pypi.org/project/pkginfo/,1
1407,https://pypi.org/project/plotly/,32
1408,https://pypi.org/project/pluggy/,2
1409,https://pypi.org/project/ply/,1
1410,https://pypi.org/project/polyaxon-cli/,18
1411,https://pypi.org/project/polyaxon-client/,17
1412,https://pypi.org/project/portalocker/,2
1413,https://pypi.org/project/preshed/,1
1414,https://pypi.org/project/progressbar2/,7
1415,https://pypi.org/project/prompt_toolkit/,4
1416,https://pypi.org/project/psycopg2/,2
1417,https://pypi.org/project/ptyprocess/,1
1418,https://pypi.org/project/py4j/,1
1419,https://pypi.org/project/pyaml/,2
1420,https://pypi.org/project/pyasn1-modules/,2
1421,https://pypi.org/project/pycodestyle/,1
1422,https://pypi.org/project/pycparser/,1
1423,https://pypi.org/project/pycurl/,2
1424,https://pypi.org/project/pydocumentdb/,4
1425,https://pypi.org/project/pylint/,18
1426,https://pypi.org/project/pyodbc/,3
1427,https://pypi.org/project/pyparsing/,1
1428,https://pypi.org/project/pyperclip/,5
1429,https://pypi.org/project/pypiwin32/,1
1430,https://pypi.org/project/pytest-instafail/,1
1431,https://pypi.org/project/pytest-metadata/,3
1432,https://pypi.org/project/python-daemon/,1
1433,https://pypi.org/project/python-glanceclient/,7
1434,https://pypi.org/project/python-jose/,5
1435,https://pypi.org/project/python-magic/,1
1436,https://pypi.org/project/python-memcached/,1
1437,https://pypi.org/project/python-slugify/,2
1438,https://pypi.org/project/python-swiftclient/,2
1439,https://pypi.org/project/python_jwt/,5
1440,https://pypi.org/project/pytz/,3
1441,https://pypi.org/project/pytzdata/,4
1442,https://pypi.org/project/pyxdg/,1
1443,https://pypi.org/project/qds_sdk/,2
1444,https://pypi.org/project/qrcode/,1
1445,https://pypi.org/project/qtconsole/,2
1446,https://pypi.org/project/queuelib/,1
1447,https://pypi.org/project/reportlab/,7
1448,https://pypi.org/project/requests-file/,1
1449,https://pypi.org/project/requests-oauthlib/,1
1450,https://pypi.org/project/requestsexceptions/,1
1451,https://pypi.org/project/responses/,1
1452,https://pypi.org/project/rfc3987/,1
1453,https://pypi.org/project/rq/,6
1454,https://pypi.org/project/rsa/,1
1455,https://pypi.org/project/s2sphere/,1
1456,https://pypi.org/project/s3cmd/,1
1457,https://pypi.org/project/salesforce-bulk/,1
1458,https://pypi.org/project/scandir/,3
1459,https://pypi.org/project/schedule/,1
1460,https://pypi.org/project/schema/,2
1461,https://pypi.org/project/scikit-image/,1
1462,https://pypi.org/project/scikit-learn/,2
1463,https://pypi.org/project/scipy/,3
1464,https://pypi.org/project/scp/,1
1465,https://pypi.org/project/semver/,2
1466,https://pypi.org/project/sendgrid/,4
1467,https://pypi.org/project/simple-salesforce/,2
1468,https://pypi.org/project/slacker/,1
1469,https://pypi.org/project/smmap2/,1
1470,https://pypi.org/project/snowflake-connector-python/,26
1471,https://pypi.org/project/social-auth-app-django/,1
1472,https://pypi.org/project/sortedcontainers/,8
1473,https://pypi.org/project/spacy/,28
1474,https://pypi.org/project/supervisor/,1
1475,https://pypi.org/project/tensorflow-transform/,5
1476,https://pypi.org/project/terminado/,3
1477,https://pypi.org/project/testfixtures/,8
1478,https://pypi.org/project/text-unidecode/,2
1479,https://pypi.org/project/texttable/,5
1480,https://pypi.org/project/tomlkit/,9
1481,https://pypi.org/project/toolz/,1
1482,https://pypi.org/project/tqdm/,16
1483,https://pypi.org/project/troposphere/,10
1484,https://pypi.org/project/trueskill/,1
1485,https://pypi.org/project/twilio/,32
1486,https://pypi.org/project/uWSGI/,3
1487,https://pypi.org/project/ua-parser/,1
1488,https://pypi.org/project/uvloop/,9
1489,https://pypi.org/project/virtualenv-clone/,1
1490,https://pypi.org/project/virtualenv/,2
1491,https://pypi.org/project/w3lib/,1
1492,https://pypi.org/project/watchdog/,1
1493,https://pypi.org/project/watchtower/,4
1494,https://pypi.org/project/websockets/,4
1495,https://pypi.org/project/xgboost/,5
1496,https://pypi.org/project/yamllint/,3
1497,https://pypi.org/project/youtube_dl/,53
1498,https://pypi.org/project/zc.lockfile/,1
1499,https://pypi.org/project/zope.interface/,1
1500,,404601
